First Name,Last Name,Email,Phone Number,zia_contact_type,zia_role,zia_source,Create Date
Emeka,Patel,emeka.patel0@maplewoodrootcanalspecialist.com,+17907724912,client_contact,Office Manager,organic,2024-12-21
Hiro,Duarte,hiro.duarte1@northlinesurgicalarts.com,+16099292443,client_contact,HR / People Ops,organic,2024-10-28
Anders,Hoffman,anders.hoffman2@glenwooddentalstudio6608.com,+12275612143,client_contact,Owner / Doctor,inbound,2025-03-16
Sana,Kamau,sana.kamau3@redwoodpediatricdentistry4564.com,+16316785171,client_contact,Office Manager,organic,2025-11-06
Diego,Kovacs,diego.kovacs4@lakeshoredentalgroup8786.com,+12524730319,client_contact,Office Manager,referral,2025-11-08
Greta,Balogun,greta.balogun5@clearwaterdentalcare7851.com,+18258716378,client_contact,Owner / Doctor,organic,2025-06-25
Rina,Raghunathan,rina.raghunathan6@fairmontorthodonticgroup9329.com,+14026451151,client_contact,Office Manager,organic,2025-12-29
Kai,Reyes,kai.reyes7@clearwaterrehabassociates3966.com,+19642111248,client_contact,Practice Administrator,inbound,2024-12-02
Pavel,Weiss,pavel.weiss8@fairmontdentalcare.com,+17464791886,client_contact,Owner / Doctor,organic,2026-06-20
Tunde,Sharma,tunde.sharma9@riverstonedentalstudio1188.com,+18158676224,client_contact,Owner / Doctor,organic,2024-10-19
Arun,Gupta,arun.gupta10@riverstonefamilydental747.com,,client_contact,Office Manager,referral,2025-05-26
Andres,Delgado,andres.delgado11@lockhartdentalpartners697.com,+12329601763,client_contact,Owner / Doctor,organic,2025-07-06
Ada,Torres,ada.torres12@beacondentalcaregroup5098.com,+12092323319,client_contact,Office Manager,organic,2026-05-10
Sofia,Olsen,sofia.olsen13@foxfieldsurgicalarts5970.com,+18512726485,client_contact,Office Manager,referral,2025-02-15
Omar,Sorensen,omar.sorensen14@sinclairmovementclinic6722.com,+17384481443,client_contact,Practice Administrator,organic,2025-07-05
Elsa,Whitfield,elsa.whitfield15@prescottendodonticassociates1946.com,+12674551903,client_contact,Owner / Doctor,organic,2026-01-28
Astrid,Lindgren,astrid.lindgren16@tarrantsurgicalarts3470.com,+12582553018,client_contact,Practice Administrator,referral,2024-10-07
Ada,Andersen,ada.andersen17@lakeshoreperiodontics4536.com,+13169070249,client_contact,Owner / Doctor,conference,2025-10-14
Luis,Vasquez,luis.vasquez18@ridgewaysmilepartners.com,+13956808282,client_contact,Office Manager,organic,2025-09-01
Yara,Raghunathan,yara.raghunathan19@kingsleyorthodonticspecialis.com,+18056156790,client_contact,Office Manager,organic,2025-04-22
Nadia,Rojas,nadia.rojas20@oakhurstoralsurgeryassociate.com,+18867513457,client_contact,Billing / RCM Lead,conference,2026-03-31
Rosa,Serrano,rosa.serrano21@tarrantdentalcaregroup2088.com,+13655731388,client_contact,Office Manager,organic,2025-03-12
Zara,Costa,zara.costa22@bayviewbracesaligners8716.com,+18648894330,client_contact,Billing / RCM Lead,inbound,2026-08-05
Sofia,Delgado,sofia.delgado23@wynnoralhealthpartners8198.com,+12384306551,client_contact,Owner / Doctor,organic,2025-03-25
Ravi,Diallo,ravi.diallo24@granvilleorthodonticspeciali3394.com,,client_contact,Owner / Doctor,inbound,2025-03-22
Astrid,Rojas,astrid.rojas25@cavendishdentalcare4651.com,,client_contact,HR / People Ops,inbound,2026-01-22
Thandi,Rossi,thandi.rossi26@stonebridgesmilepartners3657.com,+16904559269,client_contact,Office Manager,organic,2025-04-06
Idris,Diallo,idris.diallo27@maplewoodsmiledentistry197.com,+19792430276,client_contact,Office Manager,organic,2025-06-17
Anders,Hoffman,anders.hoffman28@everlydentalassociates4555.com,+16943085527,client_contact,Regional / Multi-Site Director,conference,2026-03-11
Fatima,Krishnan,fatima.krishnan29@harbourphysicaltherapy3094.com,+15248212890,client_contact,Owner / Doctor,organic,2025-07-10
Caleb,Tanaka,caleb.tanaka30@camdendentalassociates4078.com,+12654459373,client_contact,Office Manager,conference,2026-05-04
Rosa,Kovacs,rosa.kovacs31@beacondentalpartners.com,+17356212755,client_contact,Practice Administrator,organic,2025-05-13
Rosa,Kovacs,rosa.kovacs31+dup@beacondentalpartners.com,,client_contact,Practice Administrator,organic,2025-05-13
Leila,Rivera,leila.rivera33@wynndentistry.com,+13162042602,client_contact,Owner / Doctor,organic,2025-09-26
Omar,Fontaine,omar.fontaine34@silverbrookorthodonticspecia3160.com,+15369876479,client_contact,Practice Administrator,organic,2025-07-03
Femi,Farah,femi.farah35@tarrantorthodontics.com,,client_contact,Owner / Doctor,referral,2026-02-11
Elsa,Silva,elsa.silva36@wynnsmilepartners.com,+19783979381,client_contact,Owner / Doctor,referral,2025-05-22
Rohan,Jansen,rohan.jansen37@hollissmiledentistry.com,+17623514875,client_contact,COO / Executive (DSO),organic,2025-07-14
Anja,Achebe,anja.achebe38@ridgewaydentalcaregroup8103.com,,client_contact,Regional / Multi-Site Director,organic,2025-10-23
Hugo,Mwangi,hugo.mwangi39@sinclairfamilydental.com,+14724448898,client_contact,Office Manager,inbound,2026-04-11
Anika,Iqbal,anika.iqbal40@cavendishfamilydental2417.com,,client_contact,Owner / Doctor,organic,2025-05-11
Diego,Whitfield,diego.whitfield41@lockhartorthodonticspecialis4208.com,+13892755898,client_contact,Owner / Doctor,organic,2024-10-04
Mateo,Rojas,mateo.rojas42@sinclairperiodontalspecialis.com,,client_contact,Regional / Multi-Site Director,organic,2026-03-25
Nasir,Fontaine,nasir.fontaine43@lockhartfamilydentistrygroup7360.com,+17025689161,client_contact,Office Manager,organic,2025-03-04
Nadia,Jansen,nadia.jansen44@bayviewfamilydental.com,+12314216359,client_contact,Practice Administrator,inbound,2026-01-06
Astrid,Rossi,astrid.rossi45@nortonvillebracesaligners4280.com,+17393074750,client_contact,Regional / Multi-Site Director,organic,2025-01-15
Tunde,Adeyemi,tunde.adeyemi46@silverbrookorthodonticgroup2294.com,+12017195437,client_contact,Billing / RCM Lead,conference,2025-05-03
Omar,Mensah,omar.mensah47@bramwellorthodonticspecialis.com,+12254700664,client_contact,HR / People Ops,conference,2025-07-11
Amara,Weiss,amara.weiss48@ridgewaydentalcollective.com,+16469676441,client_contact,Owner / Doctor,conference,2024-12-30
Mateo,Diallo,mateo.diallo49@draycottperiodontics5192.com,+13424892668,client_contact,Owner / Doctor,organic,2026-04-15
Nadia,Delgado,nadia.delgado50@thornburydentalcaregroup1325.com,+18119135738,client_contact,Office Manager,referral,2025-08-06
Luis,Larsen,luis.larsen51@bayvieworthodontics.com,+13173667649,client_contact,Owner / Doctor,referral,2026-05-29
Mikkel,Kamau,mikkel.kamau52@maplewoodrootcanalspecialist.com,+14404905457,client_contact,HR / People Ops,organic,2026-04-01
Kwame,Kamau,kwame.kamau53@brookvaledentistry6615.com,+14648685527,client_contact,Office Manager,inbound,2026-05-23
Amara,Zhang,amara.zhang54@glenwooddentalcare2787.com,+17183562769,client_contact,Owner / Doctor,referral,2026-01-16
Diego,Nasser,diego.nasser55@nortonvilledentalstudio1435.com,+12743495235,client_contact,COO / Executive (DSO),organic,2026-06-15
Divya,Nkemdi,divya.nkemdi56@highpointdentistry.com,+16199433688,client_contact,Owner / Doctor,referral,2025-01-12
Zara,Alvarez,zara.alvarez57@highpointdentistry5251.com,+14015800524,client_contact,Office Manager,organic,2025-07-12
Sven,Whitfield,sven.whitfield58@aldercreeksurgicalarts9544.com,+12016573843,client_contact,Regional / Multi-Site Director,organic,2026-06-02
Priya,Torres,priya.torres59@tarrantdentalstudio1753.com,+15862082018,client_contact,Regional / Multi-Site Director,organic,2025-10-02
Priya,Torres,priya.torres59+dup@tarrantdentalstudio1753.com,,client_contact,Regional / Multi-Site Director,organic,2025-10-02
Rafael,Lindgren,rafael.lindgren61@highpointoralhealthpartners9279.com,+15504623151,client_contact,Owner / Doctor,inbound,2025-02-10
Divya,Nkemdi,divya.nkemdi62@bayvieworalsurgeryassociates.com,+15708278692,client_contact,Practice Administrator,organic,2025-06-27
Marcus,Hoffman,marcus.hoffman63@cedarpointendodonticassociat.com,+13252300259,client_contact,Owner / Doctor,organic,2025-08-18
Lian,Kamau,lian.kamau64@nortonvillefamilydentistrygr.com,+12189475826,client_contact,Office Manager,organic,2024-09-24
Hiro,Klein,hiro.klein65@riverstonesmiledentistry6424.com,+18508915536,client_contact,Billing / RCM Lead,referral,2025-04-26
Bilal,Aguilar,bilal.aguilar66@stonebridgedentalstudio6659.com,+16686220399,client_contact,Practice Administrator,conference,2024-12-29
Kenji,Silva,kenji.silva67@redwoodkidsdentalcare.com,+13487826189,client_contact,Office Manager,inbound,2025-04-08
Femi,Osei,femi.osei68@riverstonedentalstudio.com,+12952010131,client_contact,Office Manager,referral,2025-12-19
Sven,Malek,sven.malek69@harbourorthodonticspecialist1928.com,,client_contact,Office Manager,inbound,2025-02-26
Malik,Hoffman,malik.hoffman70@lockhartsmilepartners.com,+19806603337,client_contact,HR / People Ops,organic,2025-10-24
Zane,Marchetti,zane.marchetti71@wexfordorthodontics2957.com,+16106269630,client_contact,Practice Administrator,inbound,2024-10-12
Ingrid,Vasquez,ingrid.vasquez72@bayviewdentalcare7925.com,+18479345775,client_contact,Owner / Doctor,referral,2025-07-09
Rafael,Raghunathan,rafael.raghunathan73@tarrantorthodonticgroup9868.com,+17722375427,client_contact,Regional / Multi-Site Director,conference,2025-04-07
Marcus,Obi,marcus.obi74@clearwaterorthodontics999.com,+14802071164,client_contact,Office Manager,organic,2024-09-15
Noemi,Marchetti,noemi.marchetti75@highpointoralhealthpartners490.com,+16812725004,client_contact,Practice Administrator,referral,2024-12-05
Kai,Haddad,kai.haddad76@clearwaterfamilydental3649.com,+17873911299,client_contact,Practice Administrator,organic,2025-06-06
Camila,Lindqvist,camila.lindqvist77@riverstoneendodonticassociat2784.com,+13742987333,client_contact,Owner / Doctor,organic,2025-12-07
Nikhil,Whitfield,nikhil.whitfield78@brookvalefamilydentistrygrou209.com,+19274924808,client_contact,Owner / Doctor,organic,2026-06-08
Zane,Achebe,zane.achebe79@belmontfamilydentistrygroup.com,+13164722948,client_contact,Regional / Multi-Site Director,referral,2026-03-20
Camila,Ferreira,camila.ferreira80@ellswooddentalstudio1844.com,+14633867171,client_contact,Office Manager,organic,2025-12-10
Diego,Novotny,diego.novotny81@oakhurstchildrensdental.com,+12975682398,client_contact,Practice Administrator,referral,2025-05-16
Diego,Novotny,diego.novotny81+dup@oakhurstchildrensdental.com,,client_contact,Practice Administrator,referral,2025-05-16
Joon,Larsen,joon.larsen83@northlineorthodontics1805.com,+13083382130,client_contact,Practice Administrator,referral,2025-04-23
Nikhil,Adebayo,nikhil.adebayo84@pinehurstdentalstudio.com,+15429819956,client_contact,Office Manager,inbound,2026-04-30
Rina,Costa,rina.costa85@fairmontsleepmedicine.com,+14413987474,client_contact,Owner / Doctor,organic,2026-04-11
Lucia,Bergstrom,lucia.bergstrom86@wexfordrehabassociates7528.com,+19603861644,client_contact,Billing / RCM Lead,referral,2025-10-18
Rania,Zhang,rania.zhang87@fieldstoneperiodontics7350.com,+15665366813,client_contact,Office Manager,referral,2026-04-10
Idris,Farah,idris.farah88@pinehurstdentalstudio.com,,client_contact,Billing / RCM Lead,inbound,2025-08-30
Viktor,Rossi,viktor.rossi89@ridgewaysurgicalarts.com,+18438027228,client_contact,HR / People Ops,referral,2024-10-13
Marisol,Okonjo,marisol.okonjo90@fairmontfamilydental6050.com,+18558765124,client_contact,Owner / Doctor,organic,2024-10-11
Noemi,Kovacs,noemi.kovacs91@oakhurstbracesaligners.com,+16253208242,client_contact,Billing / RCM Lead,organic,2024-11-16
Noemi,Kovacs,noemi.kovacs91+dup@oakhurstbracesaligners.com,,client_contact,Billing / RCM Lead,organic,2024-11-16
Hiro,Klein,hiro.klein93@prescottsmilepartners3818.com,+15693187628,client_contact,Owner / Doctor,organic,2024-11-05
Malik,Banda,malik.banda94@sinclairdentalcaregroup3020.com,+12024180928,client_contact,Owner / Doctor,referral,2024-11-22
Chidi,Serrano,chidi.serrano95@fieldstonedentalcare7268.com,+16806206667,client_contact,Office Manager,organic,2025-01-16
Elsa,Lindgren,elsa.lindgren96@prescottdentalcaregroup.com,,client_contact,Regional / Multi-Site Director,referral,2026-03-12
Bilal,Sandoval,bilal.sandoval97@lakeshoredentalgroup.com,+13759397262,client_contact,COO / Executive (DSO),referral,2025-10-19
Camila,Diallo,camila.diallo98@highpointdentalcare5231.com,+18713971256,client_contact,Regional / Multi-Site Director,organic,2026-03-14
Marisol,Balogun,marisol.balogun99@lakeshoredentistry2307.com,+18142633885,client_contact,Owner / Doctor,referral,2025-03-17
Anika,Yilmaz,anika.yilmaz100@fairmontoralmaxillofacialsur.com,+14612721789,client_contact,Office Manager,inbound,2024-09-12
Ines,Bianchi,ines.bianchi101@ridgewaypediatricdentistry.com,+13703994997,client_contact,HR / People Ops,inbound,2026-03-29
Oskar,Obi,oskar.obi102@westgatebracesaligners9490.com,+12505393465,client_contact,COO / Executive (DSO),organic,2025-02-01
Thandi,Santos,thandi.santos103@glenwoodperiodontics8589.com,+19188774900,client_contact,Billing / RCM Lead,inbound,2026-05-14
Fatima,Alvarez,fatima.alvarez104@maplewoodpediatricdentistry3414.com,+15887775343,client_contact,Billing / RCM Lead,organic,2026-04-25
Mateo,Andersen,mateo.andersen105@westgatekidsdentalcare5668.com,+19735497140,client_contact,Office Manager,organic,2026-02-26
Sofia,Weiss,sofia.weiss106@belmontfamilydentistrygroup88.com,+17117756816,client_contact,Owner / Doctor,organic,2024-12-23
Leila,Lindqvist,leila.lindqvist107@summitridgedentalalliance.com,+18746684498,client_contact,Owner / Doctor,organic,2026-04-04
Lian,Nasser,lian.nasser108@bayviewdentalcaregroup4665.com,+15915765384,client_contact,Owner / Doctor,referral,2025-11-18
Kenji,Hassan,kenji.hassan109@fieldstonedentalcare8016.com,+19305812708,client_contact,Office Manager,conference,2025-09-15
Camila,Jansen,camila.jansen110@ellswoodorthodontics7923.com,+17694052648,client_contact,Practice Administrator,conference,2026-01-23
Camila,Jansen,camila.jansen110+dup@ellswoodorthodontics7923.com,,client_contact,Practice Administrator,conference,2026-01-23
Greta,Adeyemi,greta.adeyemi112@glenwoodsurgicalarts4915.com,+19623881481,client_contact,Owner / Doctor,organic,2024-11-16
Boris,Rivera,boris.rivera113@beaconmovementclinic.com,+19638724546,client_contact,HR / People Ops,conference,2025-01-01
Boris,Ibrahim,boris.ibrahim114@fieldstonesleepmedicine.com,+12257521908,client_contact,Owner / Doctor,referral,2025-09-26
Boris,Adebayo,boris.adebayo115@westgatedentalcollective.com,+17357737697,client_contact,HR / People Ops,organic,2025-07-01
Chidi,Kim,chidi.kim116@stonebridgedentalassociates2650.com,+13155828823,client_contact,Office Manager,referral,2024-11-28
Rina,Raghunathan,rina.raghunathan117@clearwaterkidsdentalcare.com,,client_contact,Practice Administrator,inbound,2026-06-09
Anika,Iqbal,anika.iqbal118@draycottkidsdentalcare1167.com,+18149892430,client_contact,Owner / Doctor,referral,2025-10-11
Elena,Balogun,elena.balogun119@bramwelldentalcaregroup3388.com,+12662771677,client_contact,COO / Executive (DSO),organic,2025-12-08
Kwame,Jansen,kwame.jansen120@westgatedentalassociates9241.com,+14277275450,client_contact,Practice Administrator,referral,2025-10-16
Amara,Raghunathan,amara.raghunathan121@draycottoralmaxillofacialsur5752.com,+15638716785,client_contact,Regional / Multi-Site Director,organic,2025-09-10
Hiro,Aguilar,hiro.aguilar122@harbourdentalcaregroup4454.com,+19318473921,client_contact,Practice Administrator,conference,2025-06-27
Aisha,Ferreira,aisha.ferreira123@ashforddentalassociates1097.com,+13333546581,client_contact,Office Manager,conference,2025-04-14
Noemi,Reyes,noemi.reyes124@aldercreekkidsdentalcare7697.com,+13759499503,client_contact,Billing / RCM Lead,referral,2025-06-24
Kai,Achebe,kai.achebe125@draycottsmiledentistry3869.com,+12936718091,client_contact,Practice Administrator,organic,2024-09-30
Thandi,Olsen,thandi.olsen126@northlinedentalcollective4134.com,+14243455943,client_contact,Owner / Doctor,inbound,2025-07-15
Elsa,Petrov,elsa.petrov127@westgatedentalpartners.com,,client_contact,Regional / Multi-Site Director,organic,2025-11-28
Noemi,Reyes,noemi.reyes128@meridianorthodonticspecialis4742.com,+15545395138,client_contact,Owner / Doctor,inbound,2025-04-26
Camila,Andersen,camila.andersen129@tarrantoralhealthpartners1937.com,+16834817010,client_contact,Practice Administrator,organic,2025-10-22
Hugo,Castillo,hugo.castillo130@northlinedentalalliance4397.com,,client_contact,Regional / Multi-Site Director,organic,2025-03-06
Tomas,Nkemdi,tomas.nkemdi131@summitridgesmiledentistry3478.com,+14035847199,client_contact,Office Manager,organic,2025-06-02
Marta,Obi,marta.obi132@fairmontoralmaxillofacialsur.com,+13555005581,client_contact,Owner / Doctor,organic,2025-10-09
Wren,Ibrahim,wren.ibrahim133@wynnorthodonticgroup6915.com,+16497378061,client_contact,Office Manager,organic,2025-01-28
Zane,Marchetti,zane.marchetti134@summitridgedentalcare2689.com,,client_contact,Office Manager,referral,2025-07-27
Omar,Larsen,omar.larsen135@pinehurstfamilydentistrygrou6472.com,+18234292618,client_contact,Owner / Doctor,organic,2026-01-19
Idris,Kamau,idris.kamau136@ellswoodperiodontics2026.com,+14134962183,client_contact,Billing / RCM Lead,referral,2026-01-24
Greta,Eriksen,greta.eriksen137@windsordentalstudio.com,+16344226259,client_contact,Practice Administrator,referral,2025-10-09
Leila,Duarte,leila.duarte138@beacondentistry.com,+18113283425,client_contact,Office Manager,conference,2025-06-25
Tariq,Vasquez,tariq.vasquez139@hollismovementclinic.com,,client_contact,Regional / Multi-Site Director,conference,2026-06-22
Tariq,Mensah,tariq.mensah140@meridianorthodonticgroup3680.com,+18035351625,client_contact,Owner / Doctor,referral,2024-12-21
Rohan,Castillo,rohan.castillo141@prescottkidsdentalcare3358.com,+15486478035,client_contact,Owner / Doctor,organic,2026-05-31
Amara,Hassan,amara.hassan142@kingsleyphysicaltherapy.com,+12549557741,client_contact,Office Manager,conference,2025-03-20
Andres,Hassan,andres.hassan143@nortonvillefamilydentistrygr2449.com,,client_contact,Billing / RCM Lead,referral,2026-08-03
Ada,Okafor,ada.okafor144@ashfordfamilydental8776.com,+15255929128,client_contact,Office Manager,organic,2025-10-01
Lucia,Kovacs,lucia.kovacs145@oakhurstdentalassociates4866.com,+16189356157,client_contact,Billing / RCM Lead,inbound,2025-04-27
Astrid,Achebe,astrid.achebe146@cedarpointdentalcollective8962.com,+12322477937,client_contact,COO / Executive (DSO),organic,2025-03-04
Marcus,Sandoval,marcus.sandoval147@windsordentalalliance.com,,client_contact,Office Manager,organic,2025-02-13
Luis,Vasquez,luis.vasquez148@sinclairoralhealthpartners7446.com,+19517841715,client_contact,Office Manager,referral,2026-08-03
Dana,Ferreira,dana.ferreira149@meridianfamilydental7401.com,+17592542344,client_contact,Office Manager,referral,2025-06-27
Yusuf,Nyong,yusuf.nyong150@foxfieldfamilydentistrygroup1531.com,+15198715086,client_contact,Billing / RCM Lead,organic,2025-08-26
Bilal,Kim,bilal.kim151@meridianfamilydentistrygroup.com,+14645584856,client_contact,Practice Administrator,conference,2026-01-10
Malik,Moreau,malik.moreau152@brookvaledentalstudio1530.com,+15713267371,client_contact,Practice Administrator,organic,2026-05-22
Andres,Costa,andres.costa153@westgatedentistry6671.com,+16843738409,client_contact,Owner / Doctor,inbound,2026-01-31
Noemi,Ndiaye,noemi.ndiaye154@draycottbracesaligners300.com,+15418860491,client_contact,Office Manager,organic,2025-06-02
Fatima,Sandoval,fatima.sandoval155@bramwelloralmaxillofacialsur362.com,+12034858288,client_contact,Billing / RCM Lead,organic,2025-10-17
Yusuf,Reyes,yusuf.reyes156@tarrantpediatricdentistry.com,+19237759783,client_contact,Billing / RCM Lead,referral,2025-02-20
Sven,Banda,sven.banda157@everlyoralmaxillofacialsurge2428.com,+12528578286,client_contact,Owner / Doctor,referral,2026-02-03
Alba,Kim,alba.kim158@bayviewsmiledentistry1239.com,+15829313417,client_contact,Office Manager,organic,2025-06-05
Mikkel,Torres,mikkel.torres159@kingsleydentalcaregroup.com,+15595887545,client_contact,HR / People Ops,referral,2024-11-25
Marta,Silva,marta.silva160@draycottfamilydental8875.com,+16518538996,client_contact,Practice Administrator,organic,2025-10-20
Layla,Farah,layla.farah161@glenwooddentistry.com,+14916348036,client_contact,Practice Administrator,organic,2025-11-06
Aisha,Mwangi,aisha.mwangi162@cavendishfamilydental2417.com,+18795534777,client_contact,Office Manager,organic,2025-05-10
Nora,Krishnan,nora.krishnan163@hollisoralhealthpartners3319.com,,client_contact,Practice Administrator,referral,2025-07-11
Sven,Lindgren,sven.lindgren164@aldercreekkidsdentalcare2660.com,+14114111432,client_contact,HR / People Ops,organic,2026-03-08
Anika,Whitfield,anika.whitfield165@lakeshoresmiledentistry2235.com,,client_contact,Practice Administrator,inbound,2025-11-06
Emeka,Sultana,emeka.sultana166@silverbrookdentalstudio3167.com,+12983644698,client_contact,Owner / Doctor,referral,2026-07-11
Noemi,Okafor,noemi.okafor167@bramwellorthodonticspecialis2308.com,+17808982923,client_contact,Office Manager,inbound,2025-10-02
Joon,Fontaine,joon.fontaine168@sinclairrootcanalspecialists.com,+15474951278,client_contact,Practice Administrator,inbound,2026-05-09
Rina,Bianchi,rina.bianchi169@riverstoneorthodonticgroup7015.com,+15715050858,client_contact,Owner / Doctor,inbound,2024-11-30
Rafael,Haddad,rafael.haddad170@fairmontdentalassociates578.com,+19582642609,client_contact,Office Manager,organic,2025-12-04
Sofia,Sultana,sofia.sultana171@highpointsmiledentistry900.com,+19047631355,client_contact,Practice Administrator,referral,2025-06-30
Elena,Achebe,elena.achebe172@ridgewayorthodonticgroup.com,+17565460662,client_contact,Practice Administrator,referral,2025-05-27
Greta,Watanabe,greta.watanabe173@fairmontsmiledentistry7434.com,,client_contact,Owner / Doctor,referral,2026-01-14
Lucia,Chen,lucia.chen174@fairmontoralhealthpartners8093.com,+18068508467,client_contact,Regional / Multi-Site Director,organic,2025-05-11
Elena,Whitfield,elena.whitfield175@harbouroralsurgeryassociates.com,+13747364345,client_contact,Practice Administrator,organic,2026-08-03
Kenji,Delgado,kenji.delgado176@windsordentalcollective7465.com,+17982659588,client_contact,Billing / RCM Lead,referral,2026-05-16
Diego,Larsen,diego.larsen177@stonebridgedentalcare9428.com,+14076046063,client_contact,Office Manager,referral,2025-05-17
Anders,Mwangi,anders.mwangi178@lakeshoredentalassociates.com,+17382354523,client_contact,Office Manager,organic,2025-02-22
Lucia,Lindqvist,lucia.lindqvist179@everlyendodonticassociates6866.com,+14647117803,client_contact,Billing / RCM Lead,referral,2025-04-08
Luis,Aguilar,luis.aguilar180@everlydentalassociates704.com,+17826331862,client_contact,Owner / Doctor,referral,2025-03-06
Femi,Torres,femi.torres181@everlydentalassociates9419.com,+14952846831,client_contact,Office Manager,organic,2025-12-19
Greta,Bakker,greta.bakker182@windsorsmiledentistry7799.com,+12218811976,client_contact,Office Manager,organic,2025-05-17
Kwame,Farah,kwame.farah183@silverbrooksurgicalarts833.com,+19434559155,client_contact,Regional / Multi-Site Director,organic,2025-09-04
Hiro,Mwangi,hiro.mwangi184@redwooddentalgroup2675.com,+17643684414,client_contact,Owner / Doctor,organic,2026-02-14
Amara,Sharma,amara.sharma185@oakhurstdentalcollective1947.com,+16782726061,client_contact,Practice Administrator,organic,2025-02-11
Greta,Iqbal,greta.iqbal186@riverstonedentalstudio1154.com,+15143645793,client_contact,Office Manager,organic,2024-09-08
Clara,Larsen,clara.larsen187@everlydentalassociates2116.com,+12059596231,client_contact,Owner / Doctor,referral,2026-05-11
Yara,Patel,yara.patel188@thornburyperiodontalspeciali.com,+17243746449,client_contact,Owner / Doctor,referral,2026-03-22
Rania,Alvarez,rania.alvarez189@cedarpointsmilepartners.com,+17383470673,client_contact,Billing / RCM Lead,referral,2026-03-22
Arun,Olsen,arun.olsen190@fieldstonedentalcare1624.com,,client_contact,Practice Administrator,organic,2026-04-11
Rafael,Raghunathan,rafael.raghunathan191@prescottorthodonticspecialis.com,+17714381576,client_contact,Owner / Doctor,referral,2025-12-30
Divya,Marchetti,divya.marchetti192@wexfordoralsurgeryassociates.com,+12795385565,client_contact,Owner / Doctor,conference,2025-01-11
Hugo,Zhang,hugo.zhang193@riverstonesmilepartners.com,+14422203353,client_contact,Billing / RCM Lead,organic,2025-06-11
Rohan,Castillo,rohan.castillo194@brookvaleoralhealthpartners9065.com,,client_contact,Owner / Doctor,organic,2025-04-19
Isabel,Obi,isabel.obi195@northlinedentalgroup1898.com,+19699307653,client_contact,Regional / Multi-Site Director,organic,2026-06-11
Ines,Raghunathan,ines.raghunathan196@camdenpediatricdentistry.com,+17084792122,client_contact,Billing / RCM Lead,referral,2025-02-06
Hiro,Mensah,hiro.mensah197@camdendentalstudio.com,+16205726059,client_contact,Practice Administrator,referral,2025-07-26
Divya,Kim,divya.kim198@maplewooddentalcaregroup3446.com,+12958149669,client_contact,Practice Administrator,inbound,2026-06-25
Anja,Eriksen,anja.eriksen199@belmontdentistry6959.com,+12628387603,client_contact,Practice Administrator,organic,2025-01-21
Sofia,Sorensen,sofia.sorensen200@maplewoodsmiledentistry1258.com,,client_contact,Practice Administrator,conference,2025-04-08
Lucia,Mensah,lucia.mensah201@cedarpointorthodontics4940.com,+18179896837,client_contact,Owner / Doctor,organic,2026-01-24
Tomas,Novak,tomas.novak202@summitridgedentalcare5221.com,+19014891395,client_contact,Owner / Doctor,referral,2025-05-26
Lucia,Jansen,lucia.jansen203@maplewoodkidsdentalcare2013.com,+12486496129,client_contact,Practice Administrator,inbound,2025-05-20
Marcus,Ferreira,marcus.ferreira204@maplewoodperiodontalspeciali.com,+15997833199,client_contact,Billing / RCM Lead,referral,2025-10-14
Bilal,Weiss,bilal.weiss205@kingsleyrootcanalspecialists7346.com,+19778252584,client_contact,Office Manager,organic,2025-08-02
Nasir,Santos,nasir.santos206@stonebridgesmilepartners3657.com,+19588936841,client_contact,Regional / Multi-Site Director,referral,2026-03-18
Alba,Farah,alba.farah207@ashfordfamilydentistrygroup9714.com,,client_contact,Practice Administrator,organic,2024-10-09
Wren,Delgado,wren.delgado208@ashfordsmiledentistry7023.com,+14718926247,client_contact,Regional / Multi-Site Director,organic,2025-10-26
Marisol,Sandoval,marisol.sandoval209@westgateoralhealthpartners3389.com,+13583111327,client_contact,Owner / Doctor,organic,2025-04-26
Noemi,Ferreira,noemi.ferreira210@lakeshoredentalassociates650.com,,client_contact,Office Manager,referral,2025-06-01
Diego,Larsen,diego.larsen211@everlyorthodontics5683.com,+14268930754,client_contact,Practice Administrator,organic,2026-01-14
Dana,Kovacs,dana.kovacs212@beaconoralmaxillofacialsurge.com,+15924960913,client_contact,Office Manager,referral,2025-10-22
Dana,Kovacs,dana.kovacs212+dup@beaconoralmaxillofacialsurge.com,,client_contact,Office Manager,referral,2025-10-22
Femi,Ndiaye,femi.ndiaye214@pinehurstfamilydental488.com,+19056498154,client_contact,Owner / Doctor,organic,2025-12-22
Kai,Krishnan,kai.krishnan215@bramwelldentalgroup3644.com,+12549469197,client_contact,Practice Administrator,organic,2025-07-11
Ingrid,Olsen,ingrid.olsen216@aldercreekdentalpartners.com,+16439013313,client_contact,Regional / Multi-Site Director,referral,2025-03-22
Pavel,Klein,pavel.klein217@wexfordchildrensdental3650.com,,client_contact,Office Manager,referral,2026-04-15
Zane,Moreau,zane.moreau218@redwooddentalalliance1349.com,+12629053819,client_contact,Billing / RCM Lead,organic,2024-09-25
Joon,Novak,joon.novak219@granvilledentalcollective5928.com,+17582710210,client_contact,Practice Administrator,organic,2025-05-13
Yara,Sorensen,yara.sorensen220@lockhartorthodontics6913.com,+14883077134,client_contact,COO / Executive (DSO),organic,2024-09-09
Anika,Aguilar,anika.aguilar221@ridgewayorthodontics2880.com,+17098663964,client_contact,Practice Administrator,organic,2025-06-29
Dana,Bergstrom,dana.bergstrom222@bayviewdentalstudio.com,+12288086496,client_contact,Billing / RCM Lead,organic,2025-01-26
Pedro,Castillo,pedro.castillo223@draycottorthodonticgroup2076.com,+12537842142,client_contact,Office Manager,referral,2025-10-17
Oskar,Gupta,oskar.gupta224@brookvaledentistry3785.com,+16763478415,client_contact,Office Manager,referral,2026-07-21
Caleb,Serrano,caleb.serrano225@thornburyrootcanalspecialist.com,,client_contact,Owner / Doctor,organic,2026-03-25
Rohan,Gupta,rohan.gupta226@fieldstonerootcanalspecialis.com,+12437830468,client_contact,Practice Administrator,organic,2025-05-05
Alba,Duarte,alba.duarte227@meridianfamilydentistrygroup5387.com,+19414631015,client_contact,Billing / RCM Lead,inbound,2024-12-09
Ravi,Banda,ravi.banda228@clearwaterperiodontalspecial7721.com,+13033285944,client_contact,Owner / Doctor,organic,2026-07-26
Lucia,Lindgren,lucia.lindgren229@glenwooddentistry1883.com,+16054222393,client_contact,Billing / RCM Lead,organic,2026-06-08
Mei,Yilmaz,mei.yilmaz230@riverstonemovementclinic5649.com,+14654725509,client_contact,Billing / RCM Lead,organic,2025-07-09
Malik,Tanaka,malik.tanaka231@northlinesmiledentistry1513.com,+15767997327,client_contact,Office Manager,organic,2025-07-03
Marta,Balogun,marta.balogun232@ashfordorthodonticgroup1311.com,,client_contact,Owner / Doctor,organic,2025-07-20
Leila,Rahman,leila.rahman233@maplewooddentalalliance.com,+16175456924,client_contact,Owner / Doctor,organic,2025-11-24
Femi,Watanabe,femi.watanabe234@draycottrootcanalspecialists.com,+13478280730,client_contact,COO / Executive (DSO),organic,2025-10-12
Femi,Watanabe,femi.watanabe234+dup@draycottrootcanalspecialists.com,,client_contact,COO / Executive (DSO),organic,2025-10-12
Elsa,Santos,elsa.santos236@camdendentalgroup953.com,+16358025286,client_contact,Owner / Doctor,organic,2025-09-30
Sven,Lindqvist,sven.lindqvist237@highpointdentistry5251.com,+13226635644,client_contact,Office Manager,organic,2024-09-13
Rohan,Nasser,rohan.nasser238@beacondentalcollective.com,+19583748196,client_contact,HR / People Ops,organic,2026-01-21
Yara,Vasquez,yara.vasquez239@lockhartorthodonticgroup6686.com,+18902482007,client_contact,Regional / Multi-Site Director,organic,2026-06-02
Arun,Obi,arun.obi240@granvillesmiledentistry5477.com,+19673653253,client_contact,Regional / Multi-Site Director,referral,2025-01-01
Freya,Olsen,freya.olsen241@prescottdentalcare9020.com,+19332555061,client_contact,Owner / Doctor,organic,2025-01-20
Salma,Novak,salma.novak242@brookvaledentalstudio.com,+13263493625,client_contact,Owner / Doctor,referral,2025-02-11
Thandi,Malek,thandi.malek243@lakeshoredentalstudio.com,+17697470425,client_contact,Office Manager,inbound,2026-07-25
Rohan,Obi,rohan.obi244@fieldstonefamilydentistrygro.com,+14652118136,client_contact,Owner / Doctor,organic,2026-05-13
Ingrid,Klein,ingrid.klein245@stonebridgedentistry9891.com,+17557309092,client_contact,Regional / Multi-Site Director,organic,2026-07-06
Omar,Fontaine,omar.fontaine246@silverbrookdentalassociates2286.com,+19122619048,client_contact,Practice Administrator,inbound,2025-09-13
Marisol,Okonjo,marisol.okonjo247@hollisdentalcare.com,+19146101670,client_contact,Office Manager,organic,2026-05-18
Sofia,Tanaka,sofia.tanaka248@prescottdentalassociates.com,+14968296456,client_contact,Office Manager,inbound,2024-09-27
Zane,Vasquez,zane.vasquez249@windsordentalstudio1433.com,+14327085857,client_contact,Office Manager,organic,2025-02-28
Viktor,Novotny,viktor.novotny250@silverbrookperiodontalspecia5936.com,+14992150053,client_contact,Office Manager,organic,2025-04-28
Alba,Adeyemi,alba.adeyemi251@bayviewbracesaligners3408.com,+13254040919,client_contact,Office Manager,inbound,2025-03-02
Kai,Diallo,kai.diallo252@ashfordbracesaligners2115.com,+12847408220,client_contact,Regional / Multi-Site Director,organic,2024-12-07
Boris,Aguilar,boris.aguilar253@wynndentistry.com,+14417431702,client_contact,Practice Administrator,organic,2025-01-22
Kenji,Reyes,kenji.reyes254@belmontorthodonticgroup8741.com,+12468976660,client_contact,Owner / Doctor,conference,2025-09-02
Kai,Ferreira,kai.ferreira255@wynnoralsurgeryassociates.com,+16666931705,client_contact,Owner / Doctor,inbound,2025-03-24
Hiro,Lindgren,hiro.lindgren256@cedarpointfamilydental5959.com,+16073905709,client_contact,Office Manager,organic,2025-06-19
Rafael,Costa,rafael.costa257@lockhartdentalcaregroup8193.com,+19324232559,client_contact,Owner / Doctor,organic,2025-01-12
Yuki,Serrano,yuki.serrano258@pinehurstdentalalliance3933.com,+15427624457,client_contact,Owner / Doctor,organic,2026-05-12
Tomas,Kamau,tomas.kamau259@northlinedentalcollective4134.com,+12882867652,client_contact,Regional / Multi-Site Director,inbound,2026-03-08
Isabel,Tanaka,isabel.tanaka260@everlyrootcanalspecialists860.com,+12095359895,client_contact,Practice Administrator,referral,2025-03-05
Luis,Andersen,luis.andersen261@brookvalechildrensdental.com,+17316462877,client_contact,Practice Administrator,organic,2025-02-03
Leila,Okonjo,leila.okonjo262@brookvaledentalgroup.com,+17305309980,client_contact,Regional / Multi-Site Director,organic,2026-07-12
Pedro,Sorensen,pedro.sorensen263@cedarpointsurgicalarts4489.com,+18758713668,client_contact,Owner / Doctor,conference,2025-10-28
Yara,Kamau,yara.kamau264@beaconpediatricdentistry.com,+19685474045,client_contact,Regional / Multi-Site Director,organic,2026-08-08
Amara,Santos,amara.santos265@glenwoodsmiledentistry4783.com,+15537466407,client_contact,Billing / RCM Lead,organic,2025-08-03
Oskar,Weiss,oskar.weiss266@draycottdentistry.com,,client_contact,Office Manager,organic,2025-04-27
Mei,Ndiaye,mei.ndiaye267@fairmontfamilydentistrygroup2754.com,,client_contact,Office Manager,organic,2024-10-13
Kwame,Moreau,kwame.moreau268@nortonvilledentalstudio1435.com,+17744022248,client_contact,Owner / Doctor,conference,2025-11-26
Thandi,Ibrahim,thandi.ibrahim269@silverbrooksportsrehab7008.com,+15997260454,client_contact,Office Manager,conference,2026-03-14
Alba,Serrano,alba.serrano270@redwooddentalcare6483.com,+14303402053,client_contact,Billing / RCM Lead,organic,2026-06-23
Rania,Serrano,rania.serrano271@riverstonefamilydental1457.com,+14299765809,client_contact,Office Manager,conference,2024-09-09
Nadia,Nyong,nadia.nyong272@westgatedentalcollective.com,+19088646277,client_contact,Office Manager,referral,2025-03-26
Caleb,Diallo,caleb.diallo273@fieldstonedentalstudio9180.com,+19612274470,client_contact,Practice Administrator,organic,2026-08-07
Wren,Rossi,wren.rossi274@granvilledentalcare8570.com,+17612049778,client_contact,Office Manager,organic,2026-01-09
Omar,Eriksen,omar.eriksen275@draycottdentalcollective3541.com,+14737143991,client_contact,Billing / RCM Lead,conference,2024-11-08
Hugo,Okonjo,hugo.okonjo276@fieldstonedentalstudio.com,+12897280116,client_contact,Regional / Multi-Site Director,organic,2024-11-08
Clara,Ndiaye,clara.ndiaye277@cavendishorthodonticspeciali3540.com,+18666511662,client_contact,Billing / RCM Lead,organic,2025-05-10
Clara,Bakker,clara.bakker278@draycottrootcanalspecialists1983.com,+13197802540,client_contact,Billing / RCM Lead,referral,2024-10-23
Yuki,Okonjo,yuki.okonjo279@harbourfamilydentistrygroup3689.com,+13314090758,client_contact,Practice Administrator,organic,2025-09-03
Aisha,Fontaine,aisha.fontaine280@clearwaterdentalassociates4494.com,+18653782291,client_contact,Office Manager,inbound,2025-10-08
Sofia,Ferreira,sofia.ferreira281@redwoodfamilydentistrygroup5753.com,+15836233459,client_contact,Owner / Doctor,inbound,2025-03-13
Hana,Iqbal,hana.iqbal282@belmontfamilydentistrygroup6812.com,+13483572704,client_contact,Owner / Doctor,organic,2026-02-18
Rosa,Rojas,rosa.rojas283@silverbrookdentalstudio4092.com,+16787384583,client_contact,Office Manager,inbound,2026-05-07
Layla,Marchetti,layla.marchetti284@hollisphysicaltherapy337.com,+15307299255,client_contact,Regional / Multi-Site Director,organic,2025-10-31
Ada,Watanabe,ada.watanabe285@aldercreekrehabassociates768.com,+12405084950,client_contact,Billing / RCM Lead,inbound,2026-01-15
Ada,Watanabe,ada.watanabe285+dup@aldercreekrehabassociates768.com,,client_contact,Billing / RCM Lead,inbound,2026-01-15
Tariq,Fischer,tariq.fischer287@bramwellsportsrehab.com,+12253790581,client_contact,Billing / RCM Lead,organic,2025-04-24
Caleb,Ellery,caleb.ellery288@granvilledentalcaregroup.com,+16009976720,client_contact,Billing / RCM Lead,organic,2025-12-09
Ravi,Klein,ravi.klein289@riverstonedentalstudio.com,+16267971143,client_contact,Owner / Doctor,referral,2026-01-16
Noemi,Sorensen,noemi.sorensen290@kingsleyorthodontics2971.com,+17847653256,client_contact,Office Manager,organic,2025-02-05
Marta,Achebe,marta.achebe291@ashforddentalalliance2090.com,+17033994883,client_contact,Office Manager,organic,2026-06-01
Pavel,Rossi,pavel.rossi292@pinehurstfamilydentistrygrou3015.com,+12147428664,client_contact,Regional / Multi-Site Director,referral,2026-05-13
Marta,Baptiste,marta.baptiste293@beaconendodonticassociates4328.com,+19015731062,client_contact,Office Manager,organic,2025-11-18
Marcus,Zhang,marcus.zhang294@prescottfamilydentistrygroup8791.com,+14806972686,client_contact,Owner / Doctor,referral,2025-11-09
Marta,Delgado,marta.delgado295@northlinedentalgroup2986.com,+18857384356,client_contact,Owner / Doctor,organic,2024-10-18
Andres,Lindqvist,andres.lindqvist296@ridgewaydentalassociates3157.com,+13283300712,client_contact,Practice Administrator,organic,2024-10-07
Pedro,Adebayo,pedro.adebayo297@northlineoralsurgeryassociat9190.com,+13714522321,client_contact,Office Manager,organic,2025-06-24
Tunde,Aguilar,tunde.aguilar298@prescottdentalassociates9517.com,+13249557364,client_contact,HR / People Ops,referral,2025-04-30
Marcus,Hoffman,marcus.hoffman299@stonebridgedentalgroup.com,+15688708760,client_contact,HR / People Ops,organic,2025-07-12
Yara,Achebe,yara.achebe300@stonebridgedentistry4031.com,+17059479772,client_contact,Owner / Doctor,conference,2026-02-11
Sven,Jansen,sven.jansen301@cedarpointsmiledentistry5305.com,+16846012675,client_contact,Office Manager,referral,2025-05-14
Bella,Lindqvist,bella.lindqvist302@ashfordperiodontalspecialist8840.com,+12625039104,client_contact,Office Manager,organic,2026-04-13
Femi,Osei,femi.osei303@sinclairdentalstudio.com,+14234506928,client_contact,Office Manager,conference,2025-06-28
Caleb,Nasser,caleb.nasser304@highpointbracesaligners3108.com,+16837962603,client_contact,Office Manager,referral,2025-11-19
Chidi,Banda,chidi.banda305@prescottorthodontics.com,+12496119443,client_contact,Owner / Doctor,organic,2024-11-14
Tariq,Obi,tariq.obi306@meridianmovementclinic.com,,client_contact,Office Manager,referral,2025-08-24
Ravi,Marchetti,ravi.marchetti307@clearwaterdentalgroup1152.com,+14868598062,client_contact,Owner / Doctor,organic,2026-05-17
Isabel,Jansen,isabel.jansen308@ellswoodperiodontalspecialis7304.com,+14067609242,client_contact,Practice Administrator,conference,2024-11-26
Rina,Kovacs,rina.kovacs309@summitridgefamilydentistrygr.com,+13228152575,client_contact,Owner / Doctor,referral,2025-07-16
Leila,Fontaine,leila.fontaine310@beacondentistry5856.com,,client_contact,Practice Administrator,organic,2025-06-04
Pedro,Nkemdi,pedro.nkemdi311@silverbrookrootcanalspeciali6794.com,,client_contact,Office Manager,organic,2025-08-17
Salma,Tanaka,salma.tanaka312@stonebridgeperiodontics5085.com,+12345033143,client_contact,Practice Administrator,organic,2025-12-08
Luis,Patel,luis.patel313@cedarpointdentalcaregroup1637.com,,client_contact,Office Manager,organic,2026-01-01
Ingrid,Mwangi,ingrid.mwangi314@pinehurstbracesaligners2935.com,+13919456195,client_contact,Regional / Multi-Site Director,referral,2024-11-19
Arun,Silva,arun.silva315@harbourdentalalliance7460.com,+16105834958,client_contact,Office Manager,organic,2025-12-02
Anders,Fischer,anders.fischer316@bramwelldentalcollective.com,+13243548106,client_contact,Owner / Doctor,inbound,2026-07-12
Femi,Fischer,femi.fischer317@riverstonedentalgroup2629.com,+19467021113,client_contact,Office Manager,conference,2026-07-08
Kai,Rivera,kai.rivera318@ellswoodorthodontics5721.com,+16988436391,client_contact,Billing / RCM Lead,inbound,2025-07-24
Tomas,Ibrahim,tomas.ibrahim319@cedarpointdentalassociates6186.com,,client_contact,Owner / Doctor,organic,2024-12-07
Divya,Reyes,divya.reyes320@lakeshoredentalcollective3451.com,+15259722169,client_contact,Owner / Doctor,referral,2025-02-02
Tunde,Klein,tunde.klein321@stonebridgefamilydental644.com,+19186578863,client_contact,COO / Executive (DSO),inbound,2024-12-15
Greta,Iqbal,greta.iqbal322@thornburysurgicalarts8222.com,+16886733544,client_contact,Office Manager,organic,2026-08-07
Lian,Diallo,lian.diallo323@camdenorthodonticgroup.com,+16413883921,client_contact,Office Manager,inbound,2026-07-27
Ravi,Raghunathan,ravi.raghunathan324@pinehurstdentalalliance.com,,client_contact,Office Manager,referral,2025-06-23
Layla,Alvarez,layla.alvarez325@bayviewdentalgroup9627.com,+15045904203,client_contact,Office Manager,inbound,2026-01-02
Divya,Rojas,divya.rojas326@westgatedentalalliance.com,,client_contact,Regional / Multi-Site Director,inbound,2026-06-09
Rafael,Hassan,rafael.hassan327@redwoodorthodonticgroup7567.com,,client_contact,COO / Executive (DSO),conference,2024-11-04
Yusuf,Nyong,yusuf.nyong328@pinehurstperiodontalspeciali5559.com,+13909226583,client_contact,Regional / Multi-Site Director,organic,2025-10-31
Kai,Vasquez,kai.vasquez329@cavendishdentalcaregroup1810.com,+19063025284,client_contact,Regional / Multi-Site Director,organic,2024-11-16
Nora,Larsen,nora.larsen330@harbourdermatologygroup.com,+14727312236,client_contact,Regional / Multi-Site Director,referral,2025-12-01
Greta,Torres,greta.torres331@lockhartsmilepartners.com,+16148249657,client_contact,Office Manager,referral,2025-06-15
Yusuf,Olsen,yusuf.olsen332@cavendishdentistry.com,+16012806607,client_contact,Office Manager,referral,2025-11-28
Tunde,Eriksen,tunde.eriksen333@maplewoodsmilepartners.com,+13044837001,client_contact,Practice Administrator,organic,2026-08-03
Elena,Haddad,elena.haddad334@cavendishfamilydentistrygrou.com,+14125720981,client_contact,Owner / Doctor,organic,2025-08-20
Arun,Mensah,arun.mensah335@draycottorthodontics2507.com,,client_contact,COO / Executive (DSO),organic,2025-06-04
Tunde,Vasquez,tunde.vasquez336@cedarpointdentalstudio6802.com,+16068373957,client_contact,Practice Administrator,referral,2024-11-27
Anika,Larsen,anika.larsen337@fairmontsurgicalarts6950.com,+13778331661,client_contact,Regional / Multi-Site Director,inbound,2025-10-04
Oskar,Serrano,oskar.serrano338@wynnbracesaligners247.com,+17075761228,client_contact,Billing / RCM Lead,conference,2025-12-10
Oskar,Serrano,oskar.serrano338+dup@wynnbracesaligners247.com,,client_contact,Billing / RCM Lead,conference,2025-12-10
Oskar,Aguilar,oskar.aguilar340@highpointkidsdentalcare4957.com,+16104448757,client_contact,Owner / Doctor,organic,2025-09-16
Hiro,Kim,hiro.kim341@nortonvilledentalgroup4439.com,+14326192516,client_contact,Office Manager,organic,2025-10-04
Layla,Olsen,layla.olsen342@granvillerootcanalspecialist.com,+16776738989,client_contact,Billing / RCM Lead,referral,2025-03-27
Tomas,Rahman,tomas.rahman343@pinehurstrootcanalspecialist.com,+13513769875,client_contact,Office Manager,referral,2025-01-08
Rina,Jansen,rina.jansen344@fairmontdentalgroup3375.com,+17754469329,client_contact,Billing / RCM Lead,inbound,2024-10-17
Thandi,Fischer,thandi.fischer345@brookvaleperiodontics.com,+12889466598,client_contact,Owner / Doctor,referral,2025-07-17
Anika,Lindqvist,anika.lindqvist346@cedarpointrootcanalspecialis.com,+16748106315,client_contact,Billing / RCM Lead,conference,2026-07-07
Dana,Eriksen,dana.eriksen347@bayviewdentalstudio4480.com,+15097050286,client_contact,Regional / Multi-Site Director,organic,2025-05-04
Salma,Rossi,salma.rossi348@wynndentalcollective.com,+12055538106,client_contact,Practice Administrator,organic,2025-08-01
Nora,Costa,nora.costa349@draycottoralsurgeryassociate1767.com,+13212392315,client_contact,Owner / Doctor,organic,2024-10-31
Rosa,Jansen,rosa.jansen350@bayviewdentalstudio4480.com,+13382033424,client_contact,Owner / Doctor,referral,2025-12-16
Amara,Watanabe,amara.watanabe351@ridgewaydentalstudio2337.com,+17354731246,client_contact,Practice Administrator,organic,2025-11-11
Freya,Diallo,freya.diallo352@highpointphysicaltherapy.com,+19886309488,client_contact,Regional / Multi-Site Director,referral,2025-08-10
Layla,Serrano,layla.serrano353@kingsleydentalcare3234.com,+12755027114,client_contact,Billing / RCM Lead,organic,2026-01-25
Marta,Serrano,marta.serrano354@silverbrookorthodonticgroup1663.com,+13894417703,client_contact,Office Manager,organic,2024-10-09
Marta,Serrano,marta.serrano354+dup@silverbrookorthodonticgroup1663.com,,client_contact,Office Manager,organic,2024-10-09
Nasir,Nasser,nasir.nasser356@granvilledentalcaregroup384.com,+13716498296,client_contact,Owner / Doctor,organic,2026-05-28
Marisol,Vasquez,marisol.vasquez357@belmontkidsdentalcare8798.com,+16134620455,client_contact,Owner / Doctor,organic,2025-07-13
Joon,Ellery,joon.ellery358@windsordentalassociates707.com,+17886134556,client_contact,Office Manager,organic,2025-03-18
Anja,Iqbal,anja.iqbal359@thornburysmiledentistry.com,+19078545781,client_contact,Billing / RCM Lead,inbound,2026-07-20
Priya,Fischer,priya.fischer360@belmontorthodonticgroup.com,+12265243650,client_contact,Office Manager,conference,2024-12-15
Isabel,Mwangi,isabel.mwangi361@granvillesmiledentistry5477.com,+15272131807,client_contact,Office Manager,inbound,2026-03-27
Yusuf,Silva,yusuf.silva362@westgatedentistry605.com,+14315609624,client_contact,Owner / Doctor,organic,2025-10-31
Rohan,Sultana,rohan.sultana363@wynnperiodontics7218.com,+18223867799,client_contact,Billing / RCM Lead,inbound,2025-06-07
Joon,Klein,joon.klein364@belmontdentalalliance.com,+14036122638,client_contact,COO / Executive (DSO),referral,2025-05-21
Andres,Rojas,andres.rojas365@silverbrookdentalcollective2618.com,+19445553182,client_contact,Office Manager,organic,2025-01-02
Marisol,Bergstrom,marisol.bergstrom366@sinclairrootcanalspecialists.com,+19578959747,client_contact,Owner / Doctor,referral,2026-07-27
Kenji,Patel,kenji.patel367@kingsleydentalcollective6983.com,+12019035013,client_contact,Practice Administrator,referral,2025-05-31
Chidi,Olsen,chidi.olsen368@fieldstonedentalalliance.com,+14255818227,client_contact,Practice Administrator,organic,2026-05-29
Marcus,Serrano,marcus.serrano369@tarrantdentalstudio2120.com,+15675085677,client_contact,Office Manager,organic,2026-06-11
Rania,Whitfield,rania.whitfield370@ellswoodfamilydentistrygroup3037.com,+12469221271,client_contact,Owner / Doctor,conference,2025-01-05
Tariq,Duarte,tariq.duarte371@ashfordorthodonticgroup3098.com,+15444659545,client_contact,Regional / Multi-Site Director,organic,2026-01-28
Ines,Adebayo,ines.adebayo372@summitridgedentalcare5221.com,+14107643695,client_contact,Owner / Doctor,inbound,2025-07-21
Caleb,Petrov,caleb.petrov373@fieldstonedentalstudio.com,+18877189373,client_contact,Owner / Doctor,organic,2025-06-29
Bilal,Moreau,bilal.moreau374@windsorperiodontalspecialist1975.com,,client_contact,Practice Administrator,organic,2025-05-09
Bilal,Moreau,bilal.moreau374+dup@windsorperiodontalspecialist1975.com,,client_contact,Practice Administrator,organic,2025-05-09
Freya,Delgado,freya.delgado376@sinclairorthodonticspecialis4618.com,+18552718151,client_contact,Regional / Multi-Site Director,referral,2025-06-28
Ada,Banda,ada.banda377@highpointdentalpartners.com,+16713758715,client_contact,Owner / Doctor,conference,2024-10-02
Arun,Yilmaz,arun.yilmaz378@bayviewdentalcare.com,,client_contact,Owner / Doctor,organic,2024-09-22
Yara,Duarte,yara.duarte379@cedarpointperiodontalspecial.com,,client_contact,Practice Administrator,organic,2024-09-18
Ingrid,Nasser,ingrid.nasser380@aldercreekperiodontics.com,+16352976172,client_contact,Owner / Doctor,inbound,2025-02-12
Lian,Lindqvist,lian.lindqvist381@bayviewdentalcare7970.com,+16319143078,client_contact,Office Manager,organic,2025-04-01
Lian,Lindqvist,lian.lindqvist381+dup@bayviewdentalcare7970.com,,client_contact,Office Manager,organic,2025-04-01
Andres,Mwangi,andres.mwangi383@draycottdentalassociates6534.com,,client_contact,Owner / Doctor,organic,2026-02-08
Nadia,Bergstrom,nadia.bergstrom384@cedarpointorthodontics.com,+17736312552,client_contact,Regional / Multi-Site Director,organic,2025-03-03
Mei,Farah,mei.farah385@ellswoodsmiledentistry5531.com,,client_contact,Billing / RCM Lead,conference,2026-04-04
Fatima,Achebe,fatima.achebe386@camdendentistry.com,+12998215482,client_contact,Practice Administrator,inbound,2025-01-03
Camila,Krishnan,camila.krishnan387@glenwooddentalassociates9098.com,+16865534099,client_contact,Office Manager,referral,2025-11-14
Kenji,Moreau,kenji.moreau388@prescottsmilepartners.com,+18378401978,client_contact,Office Manager,organic,2025-04-02
Sven,Weiss,sven.weiss389@westgatechildrensdental7678.com,,client_contact,Owner / Doctor,organic,2025-09-10
Ingrid,Serrano,ingrid.serrano390@brookvalerootcanalspecialist5749.com,+14108234309,client_contact,Billing / RCM Lead,referral,2025-10-03
Zane,Nyong,zane.nyong391@cedarpointdentalstudio9179.com,+14613519134,client_contact,Billing / RCM Lead,referral,2025-04-24
Nora,Silva,nora.silva392@lockhartsmilepartners.com,,client_contact,Practice Administrator,organic,2026-04-18
Oskar,Olsen,oskar.olsen393@maplewoodorthodontics8085.com,+15975622441,client_contact,Billing / RCM Lead,organic,2024-11-16
Layla,Farah,layla.farah394@pinehurstorthodontics.com,+13107275134,client_contact,Regional / Multi-Site Director,organic,2026-06-08
Lian,Mahmood,lian.mahmood395@riverstonedentalstudio1154.com,+15999995592,client_contact,Owner / Doctor,organic,2026-06-25
Ravi,Novak,ravi.novak396@clearwaterfamilydental97.com,+12538006706,client_contact,Office Manager,referral,2025-08-10
Fatima,Sultana,fatima.sultana397@nortonvillefamilydental4670.com,+17782817851,client_contact,Office Manager,referral,2025-04-08
Pavel,Osei,pavel.osei398@bayviewsmilepartners4264.com,+16023101315,client_contact,Office Manager,organic,2025-06-04
Andres,Reyes,andres.reyes399@granvilledentalassociates1971.com,+18769003878,client_contact,Regional / Multi-Site Director,referral,2025-07-25
Fatima,Sultana,fatima.sultana400@westgatedentalpartners4081.com,+16843567490,client_contact,Owner / Doctor,organic,2026-06-20
Astrid,Fontaine,astrid.fontaine401@ashforddentalassociates9958.com,+12067532204,client_contact,Practice Administrator,conference,2025-03-19
Alba,Bergstrom,alba.bergstrom402@belmontdentalcare.com,+17135784281,client_contact,Owner / Doctor,inbound,2024-11-11
Salma,Aguilar,salma.aguilar403@prescottfamilydentistrygroup8105.com,+19094545024,client_contact,Office Manager,organic,2025-08-02
Rania,Rojas,rania.rojas404@silverbrooksportsrehab.com,+12537662824,client_contact,Billing / RCM Lead,referral,2025-02-18
Yusuf,Balogun,yusuf.balogun405@redwooddentalcaregroup3482.com,+16037314726,client_contact,Owner / Doctor,referral,2025-01-12
Astrid,Fontaine,astrid.fontaine406@hollisdentistry3629.com,+19573419689,client_contact,Billing / RCM Lead,organic,2025-10-20
Emeka,Sultana,emeka.sultana407@sinclairpediatricdentistry.com,+19013493945,client_contact,Owner / Doctor,organic,2025-11-25
Mateo,Olsen,mateo.olsen408@oakhurstdentalalliance7643.com,+19088992130,client_contact,Owner / Doctor,referral,2025-09-20
Kwame,Balogun,kwame.balogun409@belmontdentalcare5717.com,+16184634389,client_contact,COO / Executive (DSO),referral,2025-11-17
Sofia,Castillo,sofia.castillo410@camdenoralmaxillofacialsurge9111.com,+14048062778,client_contact,Regional / Multi-Site Director,organic,2025-05-08
Andres,Fontaine,andres.fontaine411@foxfieldorthodonticspecialis.com,+12658485219,client_contact,Practice Administrator,referral,2025-07-26
Noemi,Okafor,noemi.okafor412@foxfielddentalcollective1249.com,+17382285345,client_contact,Office Manager,referral,2026-06-03
Kwame,Olsen,kwame.olsen413@silverbrookperiodontics8132.com,+18492435537,client_contact,Owner / Doctor,conference,2026-01-07
Tomas,Achebe,tomas.achebe414@beaconbracesaligners1611.com,,client_contact,Practice Administrator,organic,2025-05-13
Ravi,Kim,ravi.kim415@camdendentalcare.com,+17278338082,client_contact,Owner / Doctor,inbound,2024-10-22
Boris,Sandoval,boris.sandoval416@redwoodspecialtycarepartners.com,+17618851809,client_contact,HR / People Ops,conference,2026-06-10
Hugo,Ndiaye,hugo.ndiaye417@camdenorthodontics3721.com,+17157900426,client_contact,Billing / RCM Lead,inbound,2026-03-20
Kenji,Torres,kenji.torres418@windsordentistry.com,+17378297475,client_contact,Office Manager,inbound,2025-09-08
Isabel,Nkemdi,isabel.nkemdi419@foxfielddentistry5294.com,+19556812250,client_contact,Office Manager,referral,2026-07-14
Rosa,Baptiste,rosa.baptiste420@redwoodpediatricdentistry4564.com,+16972790659,client_contact,Office Manager,conference,2025-06-18
Freya,Serrano,freya.serrano421@lockhartfamilydentistrygroup9704.com,,client_contact,Owner / Doctor,organic,2025-06-07
Mateo,Chen,mateo.chen422@tarrantpediatricdentistry7006.com,+13536192645,client_contact,Regional / Multi-Site Director,organic,2025-12-10
Kai,Patel,kai.patel423@wynndentalstudio.com,+15278654250,client_contact,Office Manager,referral,2025-02-04
Zara,Yilmaz,zara.yilmaz424@wexforddentalcare6109.com,+18155707573,client_contact,Billing / RCM Lead,inbound,2025-08-08
Bilal,Farah,bilal.farah425@everlydentistry6409.com,+17595301856,client_contact,Practice Administrator,organic,2024-09-25
Bella,Haddad,bella.haddad426@thornburydentalcaregroup9975.com,+16396612638,client_contact,Office Manager,organic,2025-08-07
Zane,Rahman,zane.rahman427@wynnrehabassociates.com,+13873623815,client_contact,Owner / Doctor,referral,2026-07-21
Joon,Iqbal,joon.iqbal428@maplewoodkidsdentalcare4438.com,+17029513171,client_contact,Office Manager,organic,2026-03-20
Freya,Novotny,freya.novotny429@cavendishdentalcare2895.com,+13669016024,client_contact,Practice Administrator,organic,2026-06-13
Alba,Novotny,alba.novotny430@draycottdentalalliance6762.com,+19713161154,client_contact,Billing / RCM Lead,organic,2026-07-18
Chidi,Bianchi,chidi.bianchi431@meridiandentalcaregroup.com,+17437159790,client_contact,Office Manager,inbound,2025-06-23
Kwame,Osei,kwame.osei432@summitridgedentalcaregroup5640.com,+17226585666,client_contact,Office Manager,conference,2026-03-19
Rohan,Obi,rohan.obi433@everlyfamilydental4202.com,+13269506651,client_contact,Regional / Multi-Site Director,organic,2026-01-16
Omar,Marchetti,omar.marchetti434@prescottsmiledentistry.com,+18773111944,client_contact,Owner / Doctor,organic,2024-10-15
Nadia,Achebe,nadia.achebe435@belmontendodonticassociates.com,+16174003830,client_contact,Regional / Multi-Site Director,organic,2025-08-29
Caleb,Bakker,caleb.bakker436@riverstonemovementclinic6550.com,+15332753662,client_contact,HR / People Ops,inbound,2024-12-16
Aisha,Obi,aisha.obi437@summitridgeoralsurgeryassoci2054.com,+14194435285,client_contact,Owner / Doctor,referral,2024-09-20
Rina,Mensah,rina.mensah438@draycottdentalstudio589.com,+15389704164,client_contact,Billing / RCM Lead,referral,2024-10-01
Elsa,Petrov,elsa.petrov439@tarrantdentistry.com,+17169991974,client_contact,COO / Executive (DSO),referral,2026-07-13
Chidi,Baptiste,chidi.baptiste440@bramwellorthodonticgroup9139.com,+13138735982,client_contact,Office Manager,referral,2026-08-01
Omar,Rivera,omar.rivera441@fairmontoralhealthpartners1439.com,+19369265523,client_contact,Office Manager,organic,2026-03-14
Ingrid,Chen,ingrid.chen442@lakeshoredentalcollective3688.com,+18696386665,client_contact,Regional / Multi-Site Director,organic,2026-05-05
Wren,Adebayo,wren.adebayo443@ellswoodsmilepartners4487.com,+13069718990,client_contact,Owner / Doctor,organic,2025-02-07
Rafael,Ndiaye,rafael.ndiaye444@fieldstonemovementclinic6164.com,+16315243401,client_contact,Owner / Doctor,conference,2025-06-29
Idris,Balogun,idris.balogun445@summitridgedentalalliance3727.com,+12106547647,client_contact,Billing / RCM Lead,inbound,2025-03-06
Idris,Balogun,idris.balogun445+dup@summitridgedentalalliance3727.com,,client_contact,Billing / RCM Lead,inbound,2025-03-06
Priya,Rahman,priya.rahman447@highpointperiodontalspeciali2567.com,+13926382042,client_contact,Regional / Multi-Site Director,organic,2025-08-21
Thandi,Ferreira,thandi.ferreira448@beacondentalassociates2405.com,+13436265462,client_contact,Practice Administrator,organic,2025-11-25
Anja,Zhang,anja.zhang449@silverbrookdentalcollective1448.com,+14478839620,client_contact,Practice Administrator,organic,2024-10-12
Tomas,Andersen,tomas.andersen450@ridgewaydentalpartners4648.com,+16086006832,client_contact,Owner / Doctor,organic,2026-04-17
Dana,Klein,dana.klein451@lakeshoredentalgroup.com,+13846479761,client_contact,Owner / Doctor,organic,2024-11-07
Rohan,Bergstrom,rohan.bergstrom452@meridianfamilydentistrygroup2291.com,+19058880780,client_contact,Owner / Doctor,organic,2025-10-04
Yusuf,Chen,yusuf.chen453@cedarpointdentalcare2521.com,+16124027945,client_contact,Regional / Multi-Site Director,organic,2026-01-28
Elena,Adebayo,elena.adebayo454@thornburybracesaligners.com,+17586722126,client_contact,Owner / Doctor,conference,2025-08-18
Sofia,Krishnan,sofia.krishnan455@draycottdentistry.com,+19462681323,client_contact,Regional / Multi-Site Director,organic,2024-10-27
Ravi,Watanabe,ravi.watanabe456@everlydentalpartners5209.com,,client_contact,Owner / Doctor,referral,2025-02-01
Layla,Silva,layla.silva457@kingsleydentalcaregroup230.com,+19627808652,client_contact,Office Manager,organic,2026-04-03
Greta,Malek,greta.malek458@pinehurstdentalalliance283.com,+16829856507,client_contact,Practice Administrator,organic,2025-04-28
Dana,Rahman,dana.rahman459@draycottorthodonticspecialis.com,+18869814826,client_contact,Practice Administrator,organic,2024-11-30
Malik,Costa,malik.costa460@everlyoralhealthpartners.com,+14946637263,client_contact,COO / Executive (DSO),organic,2025-06-25
Amara,Petrov,amara.petrov461@bayviewsportsrehab.com,+13139323936,client_contact,Owner / Doctor,organic,2024-11-23
Yusuf,Novotny,yusuf.novotny462@hollisorthodonticgroup6258.com,+14768014307,client_contact,Owner / Doctor,organic,2025-06-21
Pavel,Novak,pavel.novak463@tarrantperiodontalspecialist7847.com,+14402730470,client_contact,Billing / RCM Lead,organic,2025-06-09
Ines,Osei,ines.osei464@maplewoodfamilydental4876.com,+17748615288,client_contact,Practice Administrator,organic,2024-10-26
Wren,Bakker,wren.bakker465@ashforddentalpartners1773.com,+17848176730,client_contact,Office Manager,organic,2026-01-24
Marisol,Ellery,marisol.ellery466@wynndentalassociates4335.com,+13574971508,client_contact,Owner / Doctor,inbound,2025-10-25
Tariq,Kamau,tariq.kamau467@belmontdentalcaregroup8378.com,+19829384478,client_contact,Owner / Doctor,organic,2024-10-01
Hugo,Rossi,hugo.rossi468@fieldstonedentalcollective9397.com,+16895663356,client_contact,Regional / Multi-Site Director,organic,2025-06-23
Anika,Bergstrom,anika.bergstrom469@wynndentistry.com,+18348172376,client_contact,Owner / Doctor,inbound,2025-05-10
Aisha,Adeyemi,aisha.adeyemi470@sinclairchildrensdental8612.com,+15892995726,client_contact,Owner / Doctor,organic,2026-01-08
Dana,Novak,dana.novak471@brookvaleperiodontics.com,+12528596644,client_contact,Regional / Multi-Site Director,organic,2025-03-17
Nora,Ndiaye,nora.ndiaye472@bayvieworalmaxillofacialsurg2285.com,+17716215995,client_contact,Owner / Doctor,inbound,2024-09-25
Rania,Malek,rania.malek473@maplewoodorthodonticspeciali.com,+19093455879,client_contact,COO / Executive (DSO),organic,2025-12-24
Aisha,Malek,aisha.malek474@aldercreekdentistry3425.com,,client_contact,Practice Administrator,organic,2024-12-10
Kwame,Mahmood,kwame.mahmood475@prescottsmilepartners3503.com,+15157492392,client_contact,Practice Administrator,organic,2025-07-05
Astrid,Bergstrom,astrid.bergstrom476@prescottsmilepartners.com,+18498824843,client_contact,Owner / Doctor,referral,2025-04-09
Anja,Ibrahim,anja.ibrahim477@meridiandentistry.com,+12818027312,client_contact,Office Manager,referral,2025-10-25
Lian,Hassan,lian.hassan478@oakhurstrootcanalspecialists9576.com,+18773039475,client_contact,Office Manager,organic,2025-11-29
Rohan,Iqbal,rohan.iqbal479@bramwellsmiledentistry4291.com,+19333903011,client_contact,Regional / Multi-Site Director,organic,2024-11-17
Tomas,Costa,tomas.costa480@hollissurgicalarts7009.com,+17694836161,client_contact,Regional / Multi-Site Director,organic,2025-03-17
Lian,Diallo,lian.diallo481@pinehurstdentalcaregroup6896.com,+12733879297,client_contact,Owner / Doctor,referral,2026-03-29
Kai,Balogun,kai.balogun482@summitridgeoralsurgeryassoci.com,+14602714731,client_contact,Practice Administrator,conference,2025-08-12
Viktor,Gupta,viktor.gupta483@brookvaleendodonticassociate.com,+17227898177,client_contact,Owner / Doctor,organic,2025-09-30
Luis,Rossi,luis.rossi484@pinehurstdentalcare3934.com,+17026506569,client_contact,Owner / Doctor,organic,2025-03-19
Astrid,Lindgren,astrid.lindgren485@summitridgedentalgroup.com,+19047112801,client_contact,Billing / RCM Lead,referral,2024-12-27
Kai,Duarte,kai.duarte486@brookvaledentalalliance.com,,client_contact,COO / Executive (DSO),referral,2025-05-01
Kwame,Achebe,kwame.achebe487@everlysmilepartners.com,+16566116529,client_contact,HR / People Ops,organic,2026-07-15
Kai,Tanaka,kai.tanaka488@belmontorthodonticspecialist4728.com,+18744838306,client_contact,HR / People Ops,organic,2025-03-20
Marisol,Farah,marisol.farah489@cavendishendodonticassociate.com,+16115511652,client_contact,Billing / RCM Lead,referral,2026-07-12
Anja,Lindgren,anja.lindgren490@prescottsmilepartners.com,+12836468890,client_contact,Regional / Multi-Site Director,conference,2025-12-07
Ravi,Klein,ravi.klein491@wexfordpediatricdentistry.com,+17535202704,client_contact,Owner / Doctor,organic,2025-09-15
Rosa,Achebe,rosa.achebe492@clearwaterdentalcare6423.com,+14517106874,client_contact,Owner / Doctor,organic,2026-07-14
Rafael,Iqbal,rafael.iqbal493@riverstonerootcanalspecialis.com,,client_contact,Practice Administrator,inbound,2026-07-07
Noemi,Mensah,noemi.mensah494@hollisoralsurgeryassociates8320.com,+16727683153,client_contact,Owner / Doctor,organic,2025-02-26
Viktor,Bakker,viktor.bakker495@clearwatermovementclinic.com,+17002531954,client_contact,Office Manager,organic,2026-08-05
Marcus,Delgado,marcus.delgado496@draycottdentalpartners9982.com,+17758225174,client_contact,Office Manager,inbound,2025-07-09
Nasir,Novotny,nasir.novotny497@foxfieldfamilydentistrygroup2441.com,+18358476537,client_contact,Office Manager,referral,2025-06-28
Pavel,Krishnan,pavel.krishnan498@kingsleydentalpartners4808.com,+19029471487,client_contact,Billing / RCM Lead,conference,2026-07-04
Sofia,Petrov,sofia.petrov499@foxfieldorthodontics.com,+14525174567,client_contact,Office Manager,referral,2024-10-14
Alba,Vasquez,alba.vasquez500@hollisdentalcare4127.com,+13783090593,client_contact,Office Manager,referral,2025-03-10
Anja,Hoffman,anja.hoffman501@silverbrooksmilepartners.com,+13462850058,client_contact,Office Manager,organic,2025-02-05
Kenji,Duarte,kenji.duarte502@prescottdentalassociates4203.com,+16106900304,client_contact,Billing / RCM Lead,organic,2025-05-02
Divya,Achebe,divya.achebe503@lakeshoredentalcare4372.com,+13575778648,client_contact,Office Manager,conference,2025-07-28
Marta,Santos,marta.santos504@cedarpointdentalcare886.com,+19254522758,client_contact,Office Manager,organic,2026-05-06
Marisol,Kovacs,marisol.kovacs505@westgatedentistry.com,+19459061394,client_contact,Billing / RCM Lead,referral,2026-07-10
Malik,Sandoval,malik.sandoval506@glenwoodrootcanalspecialists.com,,client_contact,COO / Executive (DSO),organic,2025-08-04
Astrid,Zhang,astrid.zhang507@harboursmilepartners3891.com,+16177247038,client_contact,Billing / RCM Lead,conference,2025-06-27
Tomas,Duarte,tomas.duarte508@wexfordendodonticassociates.com,+13479729453,client_contact,Owner / Doctor,inbound,2025-05-17
Zara,Marchetti,zara.marchetti509@cedarpointfamilydentistrygro4844.com,+12857749493,client_contact,Owner / Doctor,inbound,2026-04-04
Boris,Sultana,boris.sultana510@ridgewaydentalgroup4422.com,+13749234289,client_contact,Office Manager,organic,2025-12-25
Noemi,Sharma,noemi.sharma511@aldercreekbracesaligners6546.com,+14897446276,client_contact,Practice Administrator,inbound,2025-09-12
Rania,Mwangi,rania.mwangi512@ridgewayphysicaltherapy.com,,client_contact,Office Manager,inbound,2025-10-19
Dana,Nyong,dana.nyong513@westgatedentalcare1083.com,+14857290384,client_contact,Office Manager,referral,2024-09-17
Leila,Novotny,leila.novotny514@windsordentalgroup9594.com,+19617380657,client_contact,Practice Administrator,referral,2026-05-18
Priya,Mensah,priya.mensah515@kingsleydentalgroup6971.com,+17225626675,client_contact,Office Manager,organic,2024-11-14
Sofia,Mensah,sofia.mensah516@bramwellfamilydental9513.com,+18517767931,client_contact,Owner / Doctor,conference,2024-11-18
Kenji,Aguilar,kenji.aguilar517@nortonvilledentalassociates1938.com,+19728148674,client_contact,Owner / Doctor,referral,2024-09-08
Noemi,Sandoval,noemi.sandoval518@bayviewendodonticassociates9154.com,+19276703131,client_contact,Office Manager,referral,2026-02-09
Fatima,Novak,fatima.novak519@granvillefamilydentistrygrou2095.com,+17455777213,client_contact,Practice Administrator,referral,2025-08-22
Anika,Diallo,anika.diallo520@lockhartdentalalliance1484.com,+14279675483,client_contact,Regional / Multi-Site Director,organic,2026-02-13
Ada,Ellery,ada.ellery521@aldercreekoralhealthpartners.com,+15199629169,client_contact,Office Manager,organic,2026-07-12
Tomas,Whitfield,tomas.whitfield522@meridianorthodonticspecialis4589.com,+16888746213,client_contact,Owner / Doctor,referral,2026-05-16
Ingrid,Fontaine,ingrid.fontaine523@harboursmiledentistry4678.com,+14225346438,client_contact,COO / Executive (DSO),referral,2024-10-17
Boris,Achebe,boris.achebe524@windsororthodonticspecialist.com,+16906907332,client_contact,Owner / Doctor,referral,2025-10-02
Lian,Tanaka,lian.tanaka525@nortonvillesmiledentistry4165.com,,client_contact,Owner / Doctor,conference,2025-01-13
Dana,Bakker,dana.bakker526@riverstonedentalcare2136.com,+19095683176,client_contact,Owner / Doctor,organic,2025-08-18
Clara,Tanaka,clara.tanaka527@cavendishdentistry.com,+13233971935,client_contact,COO / Executive (DSO),inbound,2026-02-27
Clara,Tanaka,clara.tanaka527+dup@cavendishdentistry.com,,client_contact,COO / Executive (DSO),inbound,2026-02-27
Boris,Sorensen,boris.sorensen529@redwoodoralhealthpartners3886.com,+14596663472,client_contact,Office Manager,organic,2024-11-15
Oskar,Costa,oskar.costa530@hollisoralhealthpartners3240.com,+13192395010,client_contact,Owner / Doctor,organic,2026-03-20
Emeka,Reyes,emeka.reyes531@lakeshorefamilydentistrygrou3124.com,+14088739245,client_contact,Regional / Multi-Site Director,organic,2025-03-22
Ravi,Diallo,ravi.diallo532@meridiandentalcaregroup.com,+16116693091,client_contact,Regional / Multi-Site Director,conference,2025-09-01
Hana,Whitfield,hana.whitfield533@silverbrookperiodontics9218.com,+13924768324,client_contact,Regional / Multi-Site Director,inbound,2024-12-28
Lian,Mensah,lian.mensah534@pinehurstfamilydentistrygrou8973.com,,client_contact,Owner / Doctor,organic,2025-07-13
Lian,Balogun,lian.balogun535@bramwelldentalgroup3493.com,+15832227686,client_contact,Owner / Doctor,organic,2024-10-05
Rohan,Haddad,rohan.haddad536@fieldstonedentistry.com,+13349061079,client_contact,Practice Administrator,organic,2025-11-09
Lian,Torres,lian.torres537@wexforddentalstudio8665.com,+19264013929,client_contact,COO / Executive (DSO),organic,2025-01-10
Sana,Sandoval,sana.sandoval538@ashfordsportsrehab.com,+15302718209,client_contact,Owner / Doctor,inbound,2026-01-29
Nikhil,Sandoval,nikhil.sandoval539@bramwellorthodontics.com,+15209935202,client_contact,Practice Administrator,referral,2025-10-15
Nadia,Reyes,nadia.reyes540@belmontfamilydental1151.com,+14155490202,client_contact,Regional / Multi-Site Director,organic,2024-12-10
Sofia,Sandoval,sofia.sandoval541@oakhurstdentistry1211.com,+13335853550,client_contact,Practice Administrator,organic,2025-02-19
Sofia,Patel,sofia.patel542@highpointsmiledentistry.com,+17364002530,client_contact,Office Manager,referral,2025-06-13
Hana,Novak,hana.novak543@sinclairdentalcaregroup.com,+14843117062,client_contact,Owner / Doctor,organic,2025-06-23
Yusuf,Bakker,yusuf.bakker544@northlinesmilepartners.com,+16929366940,client_contact,Owner / Doctor,organic,2026-07-31
Anders,Hassan,anders.hassan545@lakeshoreorthodontics8605.com,+15323419439,client_contact,Billing / RCM Lead,inbound,2026-03-02
Fatima,Vasquez,fatima.vasquez546@aldercreekdentalassociates3542.com,+15108283300,client_contact,Practice Administrator,referral,2025-06-15
Andres,Osei,andres.osei547@cedarpointdentalcaregroup325.com,+13976123698,client_contact,Regional / Multi-Site Director,organic,2025-12-19
Astrid,Silva,astrid.silva548@pinehurstdentalassociates.com,+14338016164,client_contact,Owner / Doctor,organic,2026-01-21
Astrid,Balogun,astrid.balogun549@draycottorthodonticgroup.com,,client_contact,Office Manager,referral,2026-05-07
Mei,Sharma,mei.sharma550@nortonvillefamilydentistrygr6711.com,+12287002223,client_contact,COO / Executive (DSO),referral,2025-03-26
Mei,Sharma,mei.sharma550+dup@nortonvillefamilydentistrygr6711.com,,client_contact,COO / Executive (DSO),referral,2025-03-26
Yara,Bianchi,yara.bianchi552@thornburyorthodonticspeciali152.com,+17022855602,client_contact,Regional / Multi-Site Director,referral,2025-12-07
Salma,Ndiaye,salma.ndiaye553@fairmontdentalstudio746.com,+15293699729,client_contact,Practice Administrator,organic,2026-01-30
Isabel,Novotny,isabel.novotny554@harbourdentalstudio6508.com,+19235751993,client_contact,HR / People Ops,referral,2025-10-05
Amara,Kim,amara.kim555@wexfordpediatricdentistry.com,,client_contact,HR / People Ops,organic,2026-06-02
Rina,Iqbal,rina.iqbal556@lockhartfamilydentistrygroup9704.com,+16677622585,client_contact,Owner / Doctor,referral,2026-01-16
Mikkel,Nyong,mikkel.nyong557@meridianmovementclinic.com,+16054363073,client_contact,Owner / Doctor,inbound,2024-09-15
Aisha,Weiss,aisha.weiss558@fairmontdentalcaregroup.com,+17678020934,client_contact,Owner / Doctor,referral,2025-04-20
Marcus,Hoffman,marcus.hoffman559@beacondentalcaregroup3894.com,+17166486446,client_contact,Office Manager,organic,2026-07-04
Nasir,Delgado,nasir.delgado560@oakhurstchildrensdental9082.com,+17486962917,client_contact,Office Manager,referral,2025-10-08
Pedro,Rahman,pedro.rahman561@ellswoodperiodontalspecialis.com,+12665069827,client_contact,Owner / Doctor,inbound,2024-10-24
Divya,Nasser,divya.nasser562@prescottsmilepartners96.com,+18155161396,client_contact,Office Manager,referral,2026-07-15
Isabel,Ferreira,isabel.ferreira563@northlinefamilydental7088.com,+14396584706,client_contact,Office Manager,organic,2025-06-19
Sven,Nkemdi,sven.nkemdi564@aldercreekoralhealthpartners1121.com,+15816481543,client_contact,Office Manager,organic,2024-11-19
Bilal,Adebayo,bilal.adebayo565@camdenorthodonticgroup.com,+14469422129,client_contact,Office Manager,conference,2026-06-25
Isabel,Whitfield,isabel.whitfield566@redwooddentalassociates3496.com,+13389770888,client_contact,Office Manager,organic,2025-10-02
Pedro,Ferreira,pedro.ferreira567@pinehurstdentalalliance.com,,client_contact,Practice Administrator,organic,2025-10-16
Pavel,Bakker,pavel.bakker568@camdenorthodonticgroup.com,+14655833214,client_contact,Owner / Doctor,organic,2025-01-26
Ingrid,Yilmaz,ingrid.yilmaz569@bayvieworalmaxillofacialsurg.com,+16386379379,client_contact,Billing / RCM Lead,organic,2025-02-15
Zara,Nkemdi,zara.nkemdi570@cavendishsmilepartners6516.com,+15984815593,client_contact,Owner / Doctor,organic,2025-12-04
Nasir,Bianchi,nasir.bianchi571@harbourdentalassociates7875.com,+15426669426,client_contact,Office Manager,conference,2025-04-05
Lian,Kamau,lian.kamau572@draycottdentalalliance9692.com,+16826757927,client_contact,Office Manager,referral,2025-05-08
Zara,Klein,zara.klein573@maplewoodsmiledentistry7174.com,+18068313546,client_contact,Owner / Doctor,referral,2025-07-20
Elsa,Reyes,elsa.reyes574@sinclairdentalcollective.com,+13108410039,client_contact,COO / Executive (DSO),referral,2026-03-24
Clara,Fischer,clara.fischer575@oakhurstdentistry5205.com,+18158911147,client_contact,Practice Administrator,organic,2024-12-20
Fatima,Tanaka,fatima.tanaka576@fairmontsmiledentistry8504.com,+12888032345,client_contact,Office Manager,inbound,2026-01-10
Marta,Gupta,marta.gupta577@draycottsmiledentistry9100.com,+17915704432,client_contact,Office Manager,organic,2026-06-14
Yuki,Diallo,yuki.diallo578@redwoodfamilydental2500.com,+14744674651,client_contact,Office Manager,conference,2025-06-02
Omar,Ferreira,omar.ferreira579@summitridgesmiledentistry.com,+14282596831,client_contact,Office Manager,organic,2024-10-03
Astrid,Achebe,astrid.achebe580@aldercreeksmiledentistry9820.com,+16705336767,client_contact,Office Manager,inbound,2026-04-14
Idris,Ibrahim,idris.ibrahim581@bayviewdentalcare.com,+19674771004,client_contact,Owner / Doctor,organic,2025-10-21
Tomas,Olsen,tomas.olsen582@everlyfamilydental.com,+17539553074,client_contact,Practice Administrator,conference,2025-08-02
Greta,Aguilar,greta.aguilar583@harbourfamilydental3783.com,,client_contact,COO / Executive (DSO),organic,2025-12-13
Malik,Alvarez,malik.alvarez584@beaconorthodonticspecialists470.com,+14675191749,client_contact,Owner / Doctor,organic,2024-09-25
Hugo,Raghunathan,hugo.raghunathan585@brookvaledentalstudio1117.com,+17022950649,client_contact,Practice Administrator,inbound,2026-05-14
Nadia,Vasquez,nadia.vasquez586@draycottpediatricdentistry2998.com,+13168272238,client_contact,Owner / Doctor,referral,2025-03-07
Leila,Mensah,leila.mensah587@lakeshoredentalgroup1350.com,+13192398867,client_contact,Regional / Multi-Site Director,conference,2026-04-22
Salma,Weiss,salma.weiss588@stonebridgefamilydental1536.com,+14966939581,client_contact,Owner / Doctor,organic,2025-09-10
Yara,Kovacs,yara.kovacs589@bramwellperiodontics4334.com,+16016456002,client_contact,Owner / Doctor,organic,2024-11-03
Mei,Weiss,mei.weiss590@beaconfamilydentistrygroup680.com,+15438459014,client_contact,Billing / RCM Lead,conference,2024-11-19
Mateo,Silva,mateo.silva591@northlinedentalcare1670.com,+18138938445,client_contact,Owner / Doctor,organic,2026-05-18
Hana,Nasser,hana.nasser592@cedarpointsmilepartners2321.com,+17397944661,client_contact,Practice Administrator,inbound,2024-12-10
Divya,Nasser,divya.nasser593@meridianfamilydentistrygroup7755.com,,client_contact,Practice Administrator,organic,2025-11-26
Yara,Bianchi,yara.bianchi594@lockhartdentalstudio2925.com,+16116556348,client_contact,Office Manager,inbound,2026-01-01
Hugo,Raghunathan,hugo.raghunathan595@wynndentistry.com,,client_contact,Billing / RCM Lead,organic,2025-12-28
Bilal,Silva,bilal.silva596@oakhurstsmilepartners7934.com,+13189041862,client_contact,Office Manager,organic,2025-10-25
Bilal,Chen,bilal.chen597@fieldstonedentistry8668.com,+12108991678,client_contact,Owner / Doctor,organic,2025-01-16
Hugo,Malek,hugo.malek598@maplewooddentalalliance7260.com,+19014164433,client_contact,Office Manager,referral,2024-11-08
Hana,Mensah,hana.mensah599@bramwelldentalassociates1068.com,+19309609446,client_contact,Office Manager,organic,2025-01-27
