Name,Company Domain Name,City,State/Region,Number of Employees,Client Sector,Company Stage,Organization Size (Staff),Service Line,Client Health,Client Since,Account NPS
Kingsford Partners,kingsfordpartners.com,Columbus,OH,45,Professional Services,Active Client,5,Organizational Design,Healthy,,
Foxglove Digital,foxglovedigital.com,Los Angeles,CA,10,Technology & SaaS,Active Client,1,Organizational Design,Healthy,,
Granton Consulting,grantonconsulting.com,Sacramento,CA,40,Professional Services,Active Client,4,Organizational Design,Healthy,,
Carrow Works,carrowworks.com,Atlanta,GA,18,Manufacturing,Active Client,1,Organizational Design,Healthy,,
Stonebridge Logistics,stonebridgelogistics.com,Cleveland,OH,78,Logistics & Supply Chain,Active Client,6,Organizational Design,Healthy,,
Linden Education Group,lindeneducationgroup.com,Cleveland,OH,21,Education,Active Client,1,Organizational Design,Healthy,,
Pinehill Manufacturing,pinehillmanufacturing.com,Memphis,TN,22,Manufacturing,At Risk,1,Organizational Design,At Risk,,
Tilbury Digital,tilburydigital.com,Indianapolis,IN,27,Technology & SaaS,Active Client,3,Organizational Design,Healthy,,
Harrowgate Learning,harrowgatelearning.com,Oklahoma City,OK,21,Education,Active Client,1,Organizational Design,Healthy,,
Sable Consulting,sableconsulting.com,Louisville,KY,5,Professional Services,Active Client,1,Organizational Design,Healthy,,
Copperfield Retail Group,copperfieldretailgroup.com,Oklahoma City,OK,6,Retail & Consumer,At Risk,1,Organizational Design,At Risk,,
Cobalt Foundation,cobaltfoundation.com,Indianapolis,IN,270,Nonprofit & Social Impact,Active Client,30,Organizational Design,Healthy,,
Orchard Education Group,orchardeducationgroup.com,New Orleans,LA,12,Education,At Risk,1,Organizational Design,At Risk,,
Marlowe Logistics,marlowelogistics.com,Louisville,KY,60,Logistics & Supply Chain,Active Client,4,Organizational Design,Healthy,,
Winsley Medical Group,winsleymedicalgroup.com,Austin,TX,204,Healthcare,Active Client,12,Organizational Design,Healthy,,
Redwyn Goods,redwyngoods.com,El Paso,TX,20,Retail & Consumer,Active Client,1,Organizational Design,Healthy,,
Redwyn Manufacturing,redwynmanufacturing.com,Aurora,CO,180,Manufacturing,Active Client,12,Organizational Design,Healthy,,
Aster Logistics,asterlogistics.com,Sacramento,CA,16,Logistics & Supply Chain,Active Client,1,Organizational Design,Healthy,,
Pinehill Labs,pinehilllabs.com,Chicago,IL,15,Technology & SaaS,Active Client,1,Organizational Design,Healthy,,
Wayfinder Learning,wayfinderlearning.com,Oklahoma City,OK,216,Education,Active Client,12,Organizational Design,Healthy,2026-06-15,
Copperfield Financial,copperfieldfinancial.com,Indianapolis,IN,7,Financial Services,Active Client,1,Organizational Design,Healthy,2025-12-08,
Hallmark Software,hallmarksoftware.com,Fort Worth,TX,64,Technology & SaaS,Active Client,4,Organizational Design,Healthy,2025-01-03,
Merrow Consulting,merrowconsulting.com,Chicago,IL,9,Professional Services,Active Client,1,Organizational Design,Healthy,2026-05-06,
Vestry Software,vestrysoftware.com,Indianapolis,IN,20,Technology & SaaS,Active Client,2,Organizational Design,Healthy,2025-03-24,
Fairhaven Logistics,fairhavenlogistics.com,El Paso,TX,24,Logistics & Supply Chain,Active Client,2,Organizational Design,Healthy,2026-06-24,
Copperfield Partners,copperfieldpartners.com,Anaheim,CA,44,Professional Services,Active Client,4,Organizational Design,Healthy,2025-02-17,
Fairhaven Learning,fairhavenlearning.com,Nashville,TN,85,Education,Active Client,5,Organizational Design,Healthy,2025-03-24,
Dunmore Industries,dunmoreindustries.com,Santa Ana,CA,60,Manufacturing,Active Client,4,Organizational Design,Healthy,2026-07-24,
Northwind Group,northwindgroup.com,Aurora,CO,20,Professional Services,Active Client,1,Organizational Design,Watchlist,2026-05-14,
Vantage Freight,vantagefreight.com,Long Beach,CA,19,Logistics & Supply Chain,At Risk,1,Organizational Design,At Risk,2024-11-14,
Quarry Academy,quarryacademy.com,Atlanta,GA,12,Education,Active Client,1,Organizational Design,Healthy,2026-05-19,
Lattice Works,latticeworks.com,Raleigh,NC,264,Manufacturing,Active Client,24,Organizational Design,Healthy,2026-07-27,0
Draycott Contracting,draycottcontracting.com,Baltimore,MD,238,Construction & Trades,Active Client,14,Organizational Design,Healthy,2026-01-29,100
Northwind Digital,northwinddigital.com,Fresno,CA,6,Technology & SaaS,Active Client,1,Organizational Design,Healthy,2026-05-22,100
Foxglove Builders,foxglovebuilders.com,San Antonio,TX,14,Construction & Trades,Active Client,1,Organizational Design,Healthy,2026-03-23,
Upton Works,uptonworks.com,Sacramento,CA,16,Manufacturing,Active Client,1,Organizational Design,Healthy,2026-07-03,100
Thornbury Software,thornburysoftware.com,Portland,OR,28,Technology & SaaS,Active Client,2,Organizational Design,Healthy,2026-04-20,
Brookline Works,brooklineworks.com,Bakersfield,CA,18,Manufacturing,At Risk,1,Organizational Design,At Risk,2024-10-18,
Merrow Retail Group,merrowretailgroup.com,Atlanta,GA,11,Retail & Consumer,Active Client,1,Organizational Design,Healthy,2026-05-20,0
Vale Advisory,valeadvisory.com,Fort Worth,TX,11,Professional Services,Active Client,1,Organizational Design,Healthy,2025-05-01,100
Wexford Goods,wexfordgoods.com,Raleigh,NC,65,Retail & Consumer,Active Client,5,Organizational Design,Healthy,2026-07-23,100
Jarrow Capital,jarrowcapital.com,San Francisco,CA,7,Financial Services,Active Client,1,Organizational Design,Watchlist,2026-08-14,100
Newbold Consulting,newboldconsulting.com,Tucson,AZ,12,Professional Services,Active Client,1,Organizational Design,Watchlist,2025-02-03,
Blackstone Group,blackstonegroup.com,Indianapolis,IN,45,Professional Services,Active Client,3,Organizational Design,Healthy,2026-06-25,0
Winsley Financial,winsleyfinancial.com,Long Beach,CA,34,Financial Services,Active Client,2,Organizational Design,Healthy,2026-06-29,100
Draycott Care Group,draycottcaregroup.com,Bakersfield,CA,32,Healthcare,Active Client,2,Organizational Design,Healthy,2025-12-08,100
Yarrow Software,yarrowsoftware.com,San Antonio,TX,26,Technology & SaaS,Active Client,2,Organizational Design,Healthy,2025-06-02,
Hallmark Digital,hallmarkdigital.com,Seattle,WA,56,Technology & SaaS,At Risk,4,Organizational Design,At Risk,2026-08-13,0
Whitlock Medical Group,whitlockmedicalgroup.com,Baltimore,MD,39,Healthcare,At Risk,3,Organizational Design,At Risk,2026-08-03,0
Linden Initiative,lindeninitiative.com,Fort Worth,TX,20,Nonprofit & Social Impact,Active Client,2,Organizational Design,Healthy,2025-02-28,100
Hallmark Medical Group,hallmarkmedicalgroup.com,San Antonio,TX,16,Healthcare,Active Client,1,Organizational Design,Healthy,2025-02-18,0
Larkspur Logistics,larkspurlogistics.com,Albuquerque,NM,135,Logistics & Supply Chain,Active Client,9,Organizational Design,Healthy,2025-09-29,100
Glenmoor Initiative,glenmoorinitiative.com,Indianapolis,IN,72,Nonprofit & Social Impact,Active Client,4,Organizational Design,Watchlist,2026-06-24,100
Harrowgate Manufacturing,harrowgatemanufacturing.com,El Paso,TX,36,Manufacturing,Active Client,3,Organizational Design,Healthy,2026-07-29,100
Beacon Brands,beaconbrands.com,El Paso,TX,16,Retail & Consumer,Active Client,1,Organizational Design,Healthy,2025-11-19,0
Glenmoor Digital,glenmoordigital.com,Detroit,MI,80,Technology & SaaS,At Risk,5,Organizational Design,At Risk,2025-05-12,0
Stonebridge Industries,stonebridgeindustries.com,Santa Ana,CA,72,Manufacturing,Active Client,4,Organizational Design,Watchlist,2026-04-01,0
Linden Capital,lindencapital.com,Mesa,AZ,8,Financial Services,At Risk,1,Organizational Design,At Risk,2025-03-05,
Copperfield Care Group,copperfieldcaregroup.com,Atlanta,GA,18,Healthcare,Active Client,1,Organizational Design,Healthy,2025-08-04,0
Wexford Industries,wexfordindustries.com,Raleigh,NC,10,Manufacturing,Active Client,1,Organizational Design,Watchlist,2026-08-14,100
Stonebridge Labs,stonebridgelabs.com,San Francisco,CA,39,Technology & SaaS,Active Client,3,Organizational Design,Healthy,2026-05-04,0
Stonebridge Education Group,stonebridgeeducationgroup.com,Santa Ana,CA,52,Education,Active Client,4,Organizational Design,Watchlist,2026-08-14,0
Bright Harbor Academy,brightharboracademy.com,San Antonio,TX,39,Education,Active Client,3,Organizational Design,Healthy,2025-07-22,100
Ivywell Freight,ivywellfreight.com,Chicago,IL,5,Logistics & Supply Chain,Active Client,1,Organizational Design,Healthy,2026-08-14,0
Merrow Financial,merrowfinancial.com,Aurora,CO,448,Financial Services,Active Client,28,Organizational Design,Healthy,2026-07-06,100
Pemberton Contracting,pembertoncontracting.com,Atlanta,GA,22,Construction & Trades,Active Client,1,Organizational Design,Healthy,2026-06-19,100
Marlow Technologies,marlowtechnologies.com,Fresno,CA,198,Technology & SaaS,Active Client,22,Organizational Design,Healthy,2025-03-31,0
Meridian Medical Group,meridianmedicalgroup.com,Oklahoma City,OK,20,Healthcare,Active Client,1,Organizational Design,Healthy,2025-02-10,0
Larkspur Advisory,larkspuradvisory.com,New York,NY,68,Professional Services,At Risk,4,Organizational Design,At Risk,2026-06-24,100
Northwind Software,northwindsoftware.com,Aurora,CO,14,Technology & SaaS,Active Client,1,Organizational Design,Healthy,2026-07-13,100
Yarrow Partners,yarrowpartners.com,Aurora,CO,10,Professional Services,At Risk,1,Organizational Design,At Risk,2025-05-05,
Quarry Manufacturing,quarrymanufacturing.com,Columbus,OH,22,Manufacturing,Active Client,1,Organizational Design,Healthy,2025-10-06,0
Lyndhurst Manufacturing,lyndhurstmanufacturing.com,Portland,OR,60,Manufacturing,Active Client,5,Organizational Design,Watchlist,2025-07-07,0
Beacon Works,beaconworks.com,Fresno,CA,12,Manufacturing,Active Client,1,Organizational Design,Healthy,2025-09-30,0
Pemberton Works,pembertonworks.com,Boston,MA,10,Manufacturing,Active Client,1,Organizational Design,Watchlist,2026-07-01,100
Kingsford Systems,kingsfordsystems.com,Nashville,TN,333,Technology & SaaS,At Risk,37,Organizational Design,At Risk,2026-06-24,0
Kingsford Advisory,kingsfordadvisory.com,Fort Worth,TX,34,Professional Services,Active Client,2,Organizational Design,Healthy,2026-01-05,100
Blackstone Education Group,blackstoneeducationgroup.com,Mesa,AZ,42,Education,At Risk,3,Organizational Design,At Risk,2026-07-27,0
Cardinal Medical Group,cardinalmedicalgroup.com,Las Vegas,NV,12,Healthcare,Active Client,1,Organizational Design,Healthy,2026-08-14,0
Winsley Builders,winsleybuilders.com,Mesa,AZ,20,Construction & Trades,Active Client,1,Organizational Design,Healthy,2025-08-29,0
Yarrow Capital,yarrowcapital.com,Chicago,IL,15,Financial Services,Active Client,1,Organizational Design,Healthy,2026-04-21,0
Draycott Logistics,draycottlogistics.com,Memphis,TN,48,Logistics & Supply Chain,Active Client,3,Organizational Design,Healthy,2026-06-29,0
Inglewood Freight,inglewoodfreight.com,Jacksonville,FL,19,Logistics & Supply Chain,Active Client,1,Organizational Design,Healthy,2026-07-02,100
Underhill Care Group,underhillcaregroup.com,Long Beach,CA,44,Healthcare,Active Client,4,Organizational Design,Healthy,2026-04-07,100
Winsley Software,winsleysoftware.com,Aurora,CO,5,Technology & SaaS,Active Client,1,Organizational Design,Healthy,2026-08-14,100
Ironwood Financial,ironwoodfinancial.com,Santa Ana,CA,68,Financial Services,Active Client,4,Organizational Design,Healthy,2025-08-04,
Vantage Medical Group,vantagemedicalgroup.com,Fort Worth,TX,10,Healthcare,Active Client,1,Organizational Design,Healthy,2026-03-31,
Merrow Health,merrowhealth.com,Nashville,TN,22,Healthcare,At Risk,1,Organizational Design,At Risk,2026-03-02,
Chesney Systems,chesneysystems.com,Austin,TX,48,Technology & SaaS,Active Client,4,Organizational Design,Healthy,2025-01-07,
Orchard Labs,orchardlabs.com,Miami,FL,319,Technology & SaaS,Active Client,29,Organizational Design,Healthy,2026-05-05,100
Marlowe Care Group,marlowecaregroup.com,Nashville,TN,19,Healthcare,Active Client,1,Organizational Design,Healthy,2026-04-02,0
Orchard Alliance,orchardalliance.com,Santa Ana,CA,21,Nonprofit & Social Impact,Active Client,1,Organizational Design,Healthy,2025-07-21,100
Ridgeline Health,ridgelinehealth.com,Tucson,AZ,60,Healthcare,Active Client,5,Organizational Design,Watchlist,2026-01-20,
Aster Financial,asterfinancial.com,Cleveland,OH,7,Financial Services,Active Client,1,Organizational Design,Watchlist,2026-07-10,100
Juniper Education Group,junipereducationgroup.com,Denver,CO,286,Education,Active Client,26,Organizational Design,Watchlist,2026-07-02,0
Whitlock Care Group,whitlockcaregroup.com,New York,NY,68,Healthcare,Active Client,4,Organizational Design,Healthy,2026-07-30,0
Larkspur Industries,larkspurindustries.com,Sacramento,CA,30,Manufacturing,Active Client,3,Organizational Design,Healthy,2025-10-20,100
Hartley Care Group,hartleycaregroup.com,Oklahoma City,OK,5,Healthcare,Active Client,1,Organizational Design,Watchlist,2025-12-31,
Winsley Alliance,winsleyalliance.com,Bakersfield,CA,30,Nonprofit & Social Impact,Active Client,2,Organizational Design,Healthy,2025-05-16,
Blackstone Advisory,blackstoneadvisory.com,Phoenix,AZ,176,Professional Services,Active Client,11,Organizational Design,Healthy,2026-02-02,
Ironwood Health,ironwoodhealth.com,Baltimore,MD,33,Healthcare,Active Client,3,Organizational Design,Watchlist,2024-10-21,
Elmridge Works,elmridgeworks.com,Raleigh,NC,30,Manufacturing,Active Client,3,Organizational Design,Healthy,2025-01-28,
Sorrel Medical Group,sorrelmedicalgroup.com,Houston,TX,5,Healthcare,At Risk,1,Organizational Design,At Risk,2025-01-28,
Tanglewood Learning,tanglewoodlearning.com,Los Angeles,CA,702,Education,Active Client,39,Organizational Design,Healthy,2025-09-29,
Lyndhurst Care Group,lyndhurstcaregroup.com,Denver,CO,17,Healthcare,Active Client,1,Organizational Design,Healthy,2026-04-20,
Norbury Goods,norburygoods.com,Philadelphia,PA,22,Retail & Consumer,Active Client,1,Organizational Design,Healthy,2026-07-02,100
Blackstone Wealth Partners,blackstonewealthpartners.com,El Paso,TX,6,Financial Services,Active Client,1,Organizational Design,Healthy,2025-10-27,
Quill Alliance,quillalliance.com,Indianapolis,IN,15,Nonprofit & Social Impact,Active Client,1,Organizational Design,Healthy,2024-11-21,
Redwyn Software,redwynsoftware.com,Detroit,MI,9,Technology & SaaS,Active Client,1,Organizational Design,Healthy,2025-01-22,
Quill Works,quillworks.com,Fresno,CA,18,Manufacturing,Active Client,1,Organizational Design,Healthy,2025-09-25,
Newbold Manufacturing,newboldmanufacturing.com,Detroit,MI,180,Manufacturing,Active Client,15,Organizational Design,Healthy,2025-03-25,100
Granton Retail Group,grantonretailgroup.com,Dallas,TX,60,Retail & Consumer,Active Client,4,Organizational Design,Healthy,2024-12-18,
Carrow Contracting,carrowcontracting.com,Boston,MA,15,Construction & Trades,Active Client,1,Organizational Design,Healthy,2025-03-05,
Vestry Wealth Partners,vestrywealthpartners.com,Indianapolis,IN,15,Financial Services,Active Client,1,Organizational Design,Healthy,2025-06-17,
Whitlock Foundation,whitlockfoundation.com,Columbus,OH,52,Nonprofit & Social Impact,Active Client,4,Organizational Design,Healthy,2025-09-24,
Norbury Manufacturing,norburymanufacturing.com,Chicago,IL,11,Manufacturing,Active Client,1,Organizational Design,Healthy,2025-02-05,-100
Kingsford Supply Co,kingsfordsupplyco.com,Tampa,FL,32,Logistics & Supply Chain,Active Client,2,Organizational Design,Healthy,2024-12-25,0
Sable Software,sablesoftware.com,San Diego,CA,30,Technology & SaaS,Active Client,2,Organizational Design,Healthy,2025-07-25,
Granton Advisory,grantonadvisory.com,Boston,MA,5,Professional Services,Active Client,1,Organizational Design,Healthy,2026-07-23,0
Carrow Digital,carrowdigital.com,Jacksonville,FL,56,Technology & SaaS,At Risk,4,Organizational Design,At Risk,2026-08-14,100
Orchard Works,orchardworks.com,Milwaukee,WI,18,Manufacturing,Active Client,1,Organizational Design,Healthy,2025-07-04,0
Norbury Group,norburygroup.com,Portland,OR,6,Professional Services,Active Client,1,Organizational Design,Healthy,2026-05-21,100
Copperfield Academy,copperfieldacademy.com,Philadelphia,PA,5,Education,Active Client,1,Organizational Design,Healthy,2026-08-14,100
Vantage Care Group,vantagecaregroup.com,Baltimore,MD,180,Healthcare,Active Client,12,Organizational Design,Healthy,2026-07-06,0
Cobalt Retail Group,cobaltretailgroup.com,Albuquerque,NM,14,Retail & Consumer,Active Client,1,Organizational Design,Healthy,2025-04-16,
Granton Digital,grantondigital.com,Sacramento,CA,14,Technology & SaaS,At Risk,1,Organizational Design,At Risk,2026-03-09,100
Orchard Care Group,orchardcaregroup.com,Cleveland,OH,56,Healthcare,Active Client,4,Organizational Design,Healthy,2026-07-08,100
Meridian Health,meridianhealth.com,Nashville,TN,22,Healthcare,Active Client,1,Organizational Design,Healthy,2025-06-05,
Copperfield Education Group,copperfieldeducationgroup.com,Raleigh,NC,48,Education,Active Client,3,Organizational Design,Watchlist,2025-09-10,0
Cardinal Capital,cardinalcapital.com,Fort Worth,TX,20,Financial Services,Active Client,2,Organizational Design,Healthy,2026-03-16,
Thatcham Partners,thatchampartners.com,San Diego,CA,8,Professional Services,Active Client,1,Organizational Design,Healthy,2025-03-03,
Harrowgate Contracting,harrowgatecontracting.com,Detroit,MI,36,Construction & Trades,Active Client,2,Organizational Design,Watchlist,2026-06-22,
Sable Manufacturing,sablemanufacturing.com,Aurora,CO,27,Manufacturing,Active Client,3,Organizational Design,Healthy,2026-06-30,0
Merrow Manufacturing,merrowmanufacturing.com,Portland,OR,19,Manufacturing,Active Client,1,Organizational Design,Healthy,2026-07-10,0
Copperfield Wealth Partners,copperfieldwealthpartners.com,El Paso,TX,13,Financial Services,At Risk,1,Organizational Design,At Risk,2026-04-10,0
Lattice Medical Group,latticemedicalgroup.com,Mesa,AZ,36,Healthcare,Active Client,2,Organizational Design,Healthy,2026-06-16,0
Underhill Digital,underhilldigital.com,Santa Ana,CA,44,Technology & SaaS,Active Client,4,Organizational Design,Healthy,2025-01-15,
Ridgeline Consulting,ridgelineconsulting.com,New York,NY,19,Professional Services,At Risk,1,Organizational Design,At Risk,2026-08-10,100
Verdant Manufacturing,verdantmanufacturing.com,Sacramento,CA,28,Manufacturing,Active Client,2,Organizational Design,Healthy,2026-07-15,0
Underhill Industries,underhillindustries.com,Phoenix,AZ,9,Manufacturing,Active Client,1,Organizational Design,Healthy,2026-07-01,0
Quarry Software,quarrysoftware.com,Anaheim,CA,10,Technology & SaaS,Active Client,1,Organizational Design,Healthy,2026-06-09,0
Fairhaven Health,fairhavenhealth.com,Anaheim,CA,15,Healthcare,Active Client,1,Organizational Design,Watchlist,2025-12-15,
Tanglewood Digital,tanglewooddigital.com,Tucson,AZ,34,Technology & SaaS,Active Client,2,Organizational Design,Healthy,2025-04-28,
Hartley Wealth Partners,hartleywealthpartners.com,Long Beach,CA,52,Financial Services,At Risk,4,Organizational Design,At Risk,2025-07-02,
Upton Partners,uptonpartners.com,Los Angeles,CA,12,Professional Services,Active Client,1,Organizational Design,Healthy,2025-01-13,100
Vantage Health,vantagehealth.com,Charlotte,NC,6,Healthcare,Active Client,1,Organizational Design,Watchlist,2026-03-04,
Pemberton Advisory,pembertonadvisory.com,Philadelphia,PA,36,Professional Services,At Risk,3,Organizational Design,At Risk,2024-12-30,
Sable Advisory,sableadvisory.com,Mesa,AZ,39,Professional Services,Active Client,3,Organizational Design,Healthy,2026-07-02,0
Jarrow Education Group,jarroweducationgroup.com,Mesa,AZ,8,Education,Active Client,1,Organizational Design,Watchlist,2025-07-21,
Winsley Retail Group,winsleyretailgroup.com,Jacksonville,FL,11,Retail & Consumer,Active Client,1,Organizational Design,Watchlist,2026-02-09,
Stonebridge Systems,stonebridgesystems.com,San Antonio,TX,52,Technology & SaaS,Active Client,4,Organizational Design,Healthy,2026-02-06,100
Alder Contracting,aldercontracting.com,Kansas City,MO,13,Construction & Trades,Active Client,1,Organizational Design,Healthy,2025-10-13,100
Ridgeline Group,ridgelinegroup.com,Mesa,AZ,468,Professional Services,Active Client,39,Organizational Design,Healthy,2026-08-14,100
Juniper Medical Group,junipermedicalgroup.com,Albuquerque,NM,11,Healthcare,Active Client,1,Organizational Design,Watchlist,2026-06-23,0
Ashgrove Fabrication,ashgrovefabrication.com,Arlington,TX,288,Manufacturing,Active Client,32,Organizational Design,Healthy,2024-12-10,
Tilbury Works,tilburyworks.com,El Paso,TX,7,Manufacturing,Active Client,1,Organizational Design,Healthy,2026-08-14,100
Tanglewood Medical Group,tanglewoodmedicalgroup.com,Austin,TX,14,Healthcare,Active Client,1,Organizational Design,Healthy,2025-01-10,0
Copperfield Digital,copperfielddigital.com,Tampa,FL,19,Technology & SaaS,At Risk,1,Organizational Design,At Risk,2026-08-14,100
Harlow Advisory,harlowadvisory.com,Chicago,IL,64,Professional Services,Active Client,4,Organizational Design,Healthy,2025-06-05,100
Redwyn Technologies,redwyntechnologies.com,Kansas City,MO,22,Technology & SaaS,Active Client,2,Organizational Design,Healthy,2026-07-13,100
Ivywell Technologies,ivywelltechnologies.com,Memphis,TN,48,Technology & SaaS,Active Client,4,Organizational Design,Healthy,2026-06-22,0
Quarry Health,quarryhealth.com,Los Angeles,CA,36,Healthcare,Active Client,4,Organizational Design,Healthy,2026-03-23,
Vestry Systems,vestrysystems.com,Seattle,WA,30,Technology & SaaS,Active Client,2,Organizational Design,Watchlist,2025-08-12,0
Kestrel Freight,kestrelfreight.com,Seattle,WA,12,Logistics & Supply Chain,At Risk,1,Organizational Design,At Risk,2025-03-20,100
Jarrow Initiative,jarrowinitiative.com,Atlanta,GA,6,Nonprofit & Social Impact,Active Client,1,Organizational Design,Healthy,2026-05-13,0
Ridgeline Care Group,ridgelinecaregroup.com,Phoenix,AZ,6,Healthcare,At Risk,1,Organizational Design,At Risk,2025-10-22,
Winsley Brands,winsleybrands.com,Kansas City,MO,44,Retail & Consumer,Active Client,4,Organizational Design,Healthy,2025-01-01,
Carrow Systems,carrowsystems.com,Austin,TX,392,Technology & SaaS,Active Client,28,Organizational Design,Healthy,2026-02-20,0
Pemberton Academy,pembertonacademy.com,New York,NY,22,Education,Active Client,1,Organizational Design,Healthy,2026-03-09,0
Rosemont Group,rosemontgroup.com,Santa Ana,CA,36,Professional Services,At Risk,2,Organizational Design,At Risk,2025-01-20,0
Wayfinder Capital,wayfindercapital.com,Albuquerque,NM,198,Financial Services,Active Client,18,Organizational Design,Healthy,2026-06-15,0
Redwyn Freight,redwynfreight.com,Columbus,OH,5,Logistics & Supply Chain,Active Client,1,Organizational Design,Healthy,2026-07-27,100
Pinehill Consulting,pinehillconsulting.com,Raleigh,NC,608,Professional Services,Active Client,38,Organizational Design,Watchlist,2026-05-13,0
Keswick Advisory,keswickadvisory.com,Sacramento,CA,10,Professional Services,Active Client,1,Organizational Design,Healthy,2025-11-04,
Sorrel Logistics,sorrellogistics.com,Portland,OR,14,Logistics & Supply Chain,Active Client,1,Organizational Design,Watchlist,2026-06-15,0
Jarrow Goods,jarrowgoods.com,Milwaukee,WI,28,Retail & Consumer,Active Client,2,Organizational Design,Healthy,2025-09-08,0
Dunmoor Care Group,dunmoorcaregroup.com,Oklahoma City,OK,8,Healthcare,Active Client,1,Organizational Design,Healthy,2026-04-27,100
Kestrel Partners,kestrelpartners.com,San Antonio,TX,10,Professional Services,Active Client,1,Organizational Design,Watchlist,2026-04-07,100
Winsley Advisory,winsleyadvisory.com,Santa Ana,CA,110,Professional Services,Active Client,11,Organizational Design,Healthy,2025-05-06,
Cheswick Care Group,cheswickcaregroup.com,Tampa,FL,17,Healthcare,Active Client,1,Organizational Design,Healthy,2026-07-23,100
Fairbourne Partners,fairbournepartners.com,Santa Ana,CA,5,Professional Services,Active Client,1,Organizational Design,Healthy,2026-07-08,0
Tilbury Fabrication,tilburyfabrication.com,Charlotte,NC,22,Manufacturing,Active Client,2,Organizational Design,Healthy,2026-05-25,0
Everton Logistics,evertonlogistics.com,New York,NY,9,Logistics & Supply Chain,At Risk,1,Organizational Design,At Risk,2025-05-19,100
Vale Goods,valegoods.com,Dallas,TX,13,Retail & Consumer,Active Client,1,Organizational Design,Healthy,2025-05-15,
Dunmore Financial,dunmorefinancial.com,New Orleans,LA,5,Financial Services,Active Client,1,Organizational Design,Healthy,2026-06-12,0
Vantage Wealth Partners,vantagewealthpartners.com,Milwaukee,WI,54,Financial Services,Active Client,3,Organizational Design,Healthy,2025-09-02,0
Lyndhurst Financial,lyndhurstfinancial.com,Miami,FL,39,Financial Services,Active Client,3,Organizational Design,Healthy,2025-05-19,0
Quarry Care Group,quarrycaregroup.com,Las Vegas,NV,21,Healthcare,Active Client,1,Organizational Design,Watchlist,2026-07-03,0
Glenmoor Industries,glenmoorindustries.com,Tampa,FL,22,Manufacturing,At Risk,1,Organizational Design,At Risk,2026-06-01,0
Dunmore Partners,dunmorepartners.com,Las Vegas,NV,12,Professional Services,Active Client,1,Organizational Design,Healthy,2026-03-30,0
Draperfield Clinical Group,draperfieldclinicalgroup.com,Jacksonville,FL,14,Healthcare,Active Client,1,Organizational Design,Healthy,2026-05-25,0
Oakfield Industries,oakfieldindustries.com,Jacksonville,FL,264,Manufacturing,At Risk,24,Organizational Design,At Risk,2026-07-16,0
Norbury Advisory,norburyadvisory.com,Chicago,IL,28,Professional Services,Active Client,2,Organizational Design,Healthy,2026-06-02,100
Vestry Consulting,vestryconsulting.com,Detroit,MI,9,Professional Services,Active Client,1,Organizational Design,Watchlist,2026-05-13,100
Ashdown Associates,ashdownassociates.com,Dallas,TX,15,Professional Services,Active Client,1,Organizational Design,Healthy,2025-08-25,
Orchard Industries,orchardindustries.com,Cleveland,OH,17,Manufacturing,At Risk,1,Organizational Design,At Risk,2025-02-24,
Norbury Works,norburyworks.com,Jacksonville,FL,14,Manufacturing,Active Client,1,Organizational Design,Watchlist,2025-05-07,
Upton Digital,uptondigital.com,Jacksonville,FL,11,Technology & SaaS,Active Client,1,Organizational Design,Healthy,2025-01-23,
Copperfield Capital,copperfieldcapital.com,San Antonio,TX,68,Financial Services,Active Client,4,Organizational Design,Watchlist,2025-05-01,100
Draperfield Assurance,draperfieldassurance.com,Bakersfield,CA,20,Financial Services,Active Client,1,Organizational Design,Watchlist,2026-03-09,
Upton Technologies,uptontechnologies.com,Seattle,WA,10,Technology & SaaS,At Risk,1,Organizational Design,At Risk,2024-12-16,
Norbury Technologies,norburytechnologies.com,Portland,OR,504,Technology & SaaS,Active Client,42,Organizational Design,Healthy,2024-12-19,100
Rothwell Technologies,rothwelltechnologies.com,Chicago,IL,80,Technology & SaaS,At Risk,5,Organizational Design,At Risk,2026-05-21,
ZIA Organizational Development,ziaod.com,Boston,MA,,Professional Services,Active Client,,,,,
Redwyn Advisory,redwynadvisory.com,Fresno,CA,6,Professional Services,Active Client,1,Organizational Design,Healthy,2026-03-02,
Vantry Labs,vantrylabs.com,Anaheim,CA,60,Technology & SaaS,Active Client,4,Organizational Design,Healthy,2026-07-09,0
Elmridge Supply Co,elmridgesupplyco.com,Los Angeles,CA,45,Logistics & Supply Chain,Active Client,5,Organizational Design,Watchlist,2026-08-14,100
Upton Consulting,uptonconsulting.com,Cleveland,OH,70,Professional Services,Active Client,5,Organizational Design,Healthy,2025-05-12,100
Blackstone Brands,blackstonebrands.com,Las Vegas,NV,19,Retail & Consumer,Active Client,1,Organizational Design,Healthy,2026-07-14,
Cheswick Digital,cheswickdigital.com,Dallas,TX,6,Technology & SaaS,Active Client,1,Organizational Design,Watchlist,2026-06-16,100
Linden Consulting,lindenconsulting.com,Tucson,AZ,54,Professional Services,Active Client,3,Organizational Design,Healthy,2026-06-01,100
Inglewood Digital,inglewooddigital.com,Albuquerque,NM,216,Technology & SaaS,Active Client,18,Organizational Design,Healthy,2026-07-03,0
Larkspur Wealth Partners,larkspurwealthpartners.com,Aurora,CO,75,Financial Services,Active Client,5,Organizational Design,Healthy,2024-12-23,100
Fairhaven Capital,fairhavencapital.com,Portland,OR,13,Financial Services,At Risk,1,Organizational Design,At Risk,2026-06-25,0
Northwind Associates,northwindassociates.com,San Francisco,CA,51,Professional Services,Active Client,3,Organizational Design,Healthy,2026-08-14,100
Beacon Digital,beacondigital.com,Santa Ana,CA,18,Technology & SaaS,Active Client,1,Organizational Design,Healthy,2025-02-03,0
Hallmark Group,hallmarkgroup.com,Jacksonville,FL,16,Professional Services,Active Client,1,Organizational Design,Healthy,2026-02-09,
Orchard Brands,orchardbrands.com,Long Beach,CA,48,Retail & Consumer,Active Client,3,Organizational Design,Healthy,2026-08-14,100
Meridian Works,meridianworks.com,El Paso,TX,21,Manufacturing,Active Client,1,Organizational Design,Watchlist,2025-04-10,0
Quarry Supply Co,quarrysupplyco.com,Denver,CO,10,Logistics & Supply Chain,Active Client,1,Organizational Design,Healthy,2026-06-22,0
Fenwick Trust,fenwicktrust.com,Tucson,AZ,22,Nonprofit & Social Impact,Active Client,1,Organizational Design,Healthy,2026-08-14,0
Bramble Brands,bramblebrands.com,Long Beach,CA,20,Retail & Consumer,Active Client,2,Organizational Design,Healthy,2026-07-09,0
Underhill Partners,underhillpartners.com,Tucson,AZ,12,Professional Services,Active Client,1,Organizational Design,Watchlist,2026-05-11,0
Oakfield Freight,oakfieldfreight.com,Denver,CO,90,Logistics & Supply Chain,Active Client,5,Organizational Design,Healthy,2025-04-30,0
Alder Construction,alderconstruction.com,Raleigh,NC,6,Construction & Trades,Active Client,1,Organizational Design,Healthy,2026-06-25,100
