Deal Name,Amount,Close Date,Pipeline,Deal Stage,Associated Company,Engagement Type,Service Type,First Touch Source,Seats Committed,Primary Challenge,Invoice Number,Invoice Status,Days Outstanding,Payment Terms
Ridgeline Health — Core program,11448,2026-08-16,Sales Pipeline,Proposal Sent,ridgelinehealth.com,Core,Succession Planning,Website — organic,1,,,,,
Ivywell Freight — Core program,19953,2026-11-30,Sales Pipeline,Qualified Lead,ivywellfreight.com,Core,Culture & Engagement;Team Effectiveness,Website — organic,1,,,,,
Quarry Academy — Momentum program,29152,2026-06-23,Sales Pipeline,Closed Lost,quarryacademy.com,Momentum,Executive Coaching;Change Management,Website — organic,2,Client paused decision,,,,
Northwind Digital — Momentum program,28266,2026-08-15,Sales Pipeline,Closed Lost,northwinddigital.com,Momentum,Executive Coaching,Website — organic,1,,,,,
Foxglove Builders — Summit program,45585.5,2026-08-15,Sales Pipeline,Closed Lost,foxglovebuilders.com,Summit,Change Management,Website — organic,2,,,,,
Copperfield Care Group — Summit program,22792.75,2025-10-15,Sales Pipeline,Closed Lost,copperfieldcaregroup.com,Summit,Culture & Engagement,Website — organic,1,Learning platform gap,,,,
Larkspur Logistics — Momentum program,17309,2025-10-18,Sales Pipeline,Closed Won,larkspurlogistics.com,Momentum,Change Management,Event / conference,1,,INV-2025-00287,Paid,0,NET 30
Merrow Retail Group — Momentum program,21615,2026-08-15,Sales Pipeline,Closed Lost,merrowretailgroup.com,Momentum,Change Management,Referral,1,Rate,,,,
Whitlock Medical Group — Momentum program,18220,2026-10-08,Sales Pipeline,Lead,whitlockmedicalgroup.com,Momentum,Performance Consulting;Training & Coaching,Event / conference,1,Learning platform gap,,,,
Blackstone Group — Momentum program,18220,2026-08-15,Sales Pipeline,Closed Lost,blackstonegroup.com,Momentum,Organizational Design,Referral,1,Specialty experience,,,,
Stonebridge Industries — Summit program,26815,2026-08-15,Sales Pipeline,Closed Lost,stonebridgeindustries.com,Summit,Succession Planning,Inbound enquiry,1,Rate,,,,
Draycott Contracting — Core program,20352,2026-04-30,Sales Pipeline,Closed Won,draycottcontracting.com,Core,Succession Planning,Website — organic,2,,INV-2026-00434,Overdue,73,NET 30
Stonebridge Education Group — Momentum program,18220,2026-11-04,Sales Pipeline,Negotiation,stonebridgeeducationgroup.com,Momentum,Organizational Design;Executive Coaching,Referral,1,,,,,
Lattice Works — Core program,32436,2026-08-15,Sales Pipeline,Closed Lost,latticeworks.com,Core,Executive Coaching,Website — organic,3,,,,,
Bright Harbor Academy — Momentum program,36440,2026-08-15,Sales Pipeline,Closed Lost,brightharboracademy.com,Momentum,Organizational Design;Training & Coaching,Event / conference,2,,,,,
Draycott Care Group — Momentum program,36440,2026-01-16,Sales Pipeline,Closed Lost,draycottcaregroup.com,Momentum,Succession Planning,Referral,2,Communication style,,,,
Thornbury Software — Momentum program,32796,2026-05-19,Sales Pipeline,Closed Won,thornburysoftware.com,Momentum,Team Effectiveness;Performance Consulting,Referral,2,,INV-2026-00455,Paid,0,NET 15
Glenmoor Initiative — Core program,12084,2026-08-15,Sales Pipeline,Closed Lost,glenmoorinitiative.com,Core,Change Management,Website — organic,1,Learning platform gap,,,,
Harrowgate Manufacturing — Momentum program,17309,2026-09-06,Sales Pipeline,Qualified Lead,harrowgatemanufacturing.com,Momentum,Leadership Development,Inbound enquiry,1,Specialty experience,,,,
Vale Advisory — Core program,38160,2025-12-27,Sales Pipeline,Qualified Lead,valeadvisory.com,Core,Succession Planning,Inbound enquiry,3,,,,,
Upton Works — Summit program,26815,2026-09-16,Sales Pipeline,Lead,uptonworks.com,Summit,Culture & Engagement;Team Effectiveness,Website — organic,1,Specialty experience,,,,
Newbold Consulting — Momentum program,54660,2025-04-20,Sales Pipeline,Proposal Sent,newboldconsulting.com,Momentum,Executive Coaching;Succession Planning,Website — organic,3,Communication style,,,,
Linden Capital — Momentum program,36440,2025-05-15,Sales Pipeline,Lead,lindencapital.com,Momentum,Executive Coaching,Website — organic,2,,,,,
Linden Initiative — Summit program,80445,2025-05-30,Sales Pipeline,Closed Won,lindeninitiative.com,Summit,Change Management,Website — organic,3,,INV-2025-00158,Written Off,426,NET 15
Jarrow Capital — Momentum program,15487,2026-10-03,Sales Pipeline,Qualified Lead,jarrowcapital.com,Momentum,Succession Planning;Organizational Design,Event / conference,1,,,,,
Wexford Industries — Momentum program,23278,2026-10-24,Sales Pipeline,Lead,wexfordindustries.com,Momentum,Change Management;Training & Coaching,Inbound enquiry,1,,,,,
Winsley Financial — Core program,10812,2026-08-15,Sales Pipeline,Closed Lost,winsleyfinancial.com,Core,Performance Consulting,Inbound enquiry,1,,,,,
Glenmoor Digital — Momentum program,54660,2025-07-21,Sales Pipeline,Negotiation,glenmoordigital.com,Momentum,Executive Coaching;Team Effectiveness,Referral,3,Communication style,,,,
Stonebridge Labs — Momentum program,18220,2026-11-29,Sales Pipeline,Negotiation,stonebridgelabs.com,Momentum,Change Management,Referral,1,Specialty experience,,,,
Hallmark Digital — Momentum program,18220,2026-11-13,Sales Pipeline,Lead,hallmarkdigital.com,Momentum,Culture & Engagement,Website — organic,1,,,,,
Beacon Brands — Core program,32436,2025-12-30,Sales Pipeline,Lead,beaconbrands.com,Core,Performance Consulting,Website — organic,3,Learning platform gap,,,,
Brookline Works — Momentum program,19953,2025-01-09,Sales Pipeline,Closed Won,brooklineworks.com,Momentum,Organizational Design;Performance Consulting,Event / conference,1,,INV-2025-00008,Paid,0,NET 15
Wexford Goods — Core program,25440,2026-08-15,Sales Pipeline,Closed Lost,wexfordgoods.com,Core,Executive Coaching;Leadership Development,Referral,2,Learning platform gap,,,,
Hallmark Medical Group — Core program,12720,2025-09-22,Sales Pipeline,Closed Won,hallmarkmedicalgroup.com,Core,Succession Planning;Change Management,Website — organic,1,Rate,INV-2026-00576,Draft,,NET 60
Yarrow Software — Momentum program,36440,2026-08-15,Sales Pipeline,Closed Lost,yarrowsoftware.com,Momentum,Succession Planning,Website — organic,2,,,,,
Redwyn Freight — Momentum program,30974,2026-08-19,Sales Pipeline,Lead,redwynfreight.com,Momentum,Executive Coaching;Performance Consulting,Website — organic,2,,,,,
Glenmoor Industries — Momentum program,17309,2026-12-02,Sales Pipeline,Qualified Lead,glenmoorindustries.com,Momentum,Leadership Development,Website — organic,1,,,,,
Carrow Systems — Summit program,53630,2026-04-16,Sales Pipeline,Closed Lost,carrowsystems.com,Summit,Team Effectiveness;Organizational Design,Website — organic,2,Learning platform gap,,,,
Pinehill Consulting — Momentum program,18220,2026-08-15,Sales Pipeline,Closed Lost,pinehillconsulting.com,Momentum,Training & Coaching,Inbound enquiry,1,,,,,
Cheswick Care Group — Momentum program,36440,2026-08-15,Sales Pipeline,Closed Lost,cheswickcaregroup.com,Momentum,Leadership Development,Referral,2,,,,,
Dunmore Financial — Momentum program,35529,2026-08-15,Sales Pipeline,Closed Lost,dunmorefinancial.com,Momentum,Culture & Engagement;Team Effectiveness,Website — organic,1,,,,,
Winsley Brands — Core program,25440,2025-02-24,Sales Pipeline,Proposal Sent,winsleybrands.com,Core,Performance Consulting;Organizational Design,Website — organic,2,,,,,
Tilbury Fabrication — Summit program,26815,2026-10-18,Sales Pipeline,Lead,tilburyfabrication.com,Summit,Culture & Engagement,Referral,1,,,,,
Vale Goods — Momentum program,32796,2026-08-15,Sales Pipeline,Closed Lost,valegoods.com,Momentum,Executive Coaching;Culture & Engagement,Website — organic,2,,,,,
Lyndhurst Financial — Momentum program,16627,2026-02-27,Sales Pipeline,Closed Won,lyndhurstfinancial.com,Momentum,Leadership Development;Succession Planning,Referral,1,Client paused decision,INV-2026-00580,Draft,,NET 30
Rosemont Group — Core program,25440,2025-06-11,Sales Pipeline,Closed Won,rosemontgroup.com,Core,Team Effectiveness;Culture & Engagement,Website — organic,2,,INV-2025-00172,Paid,0,NET 45
Dunmoor Care Group — Momentum program,24941,2026-07-19,Sales Pipeline,Qualified Lead,dunmoorcaregroup.com,Momentum,Change Management;Training & Coaching,Referral,1,,,,,
Everton Logistics — Momentum program,36440,2025-08-24,Sales Pipeline,Closed Lost,evertonlogistics.com,Momentum,Performance Consulting;Leadership Development,Website — organic,2,Communication style,,,,
Dunmore Partners — Core program,25440,2026-05-16,Sales Pipeline,Lead,dunmorepartners.com,Core,Succession Planning,Website — organic,2,,,,,
Quarry Care Group — Momentum program,18220,2026-08-15,Sales Pipeline,Closed Lost,quarrycaregroup.com,Momentum,Executive Coaching,Event / conference,1,,,,,
Fairbourne Partners — Momentum program,18220,2026-08-15,Sales Pipeline,Closed Lost,fairbournepartners.com,Momentum,Culture & Engagement,Event / conference,1,,,,,
Oakfield Industries — Summit program,21452,2026-08-15,Sales Pipeline,Closed Lost,oakfieldindustries.com,Summit,Team Effectiveness;Change Management,Website — organic,1,,,,,
Kestrel Partners — Momentum program,17309,2026-06-19,Sales Pipeline,Closed Won,kestrelpartners.com,Momentum,Team Effectiveness;Organizational Design,Referral,1,,INV-2026-00492,Paid,0,NET 60
Norbury Advisory — Momentum program,36440,2026-06-26,Sales Pipeline,Qualified Lead,norburyadvisory.com,Momentum,Executive Coaching;Change Management,Referral,2,,,,,
Sorrel Logistics — Momentum program,24941,2026-08-15,Sales Pipeline,Closed Lost,sorrellogistics.com,Momentum,Organizational Design,Inbound enquiry,1,,,,,
Wayfinder Capital — Momentum program,14576,2026-08-15,Sales Pipeline,Closed Lost,wayfindercapital.com,Momentum,Training & Coaching,Inbound enquiry,1,Specialty experience,,,,
Vantage Wealth Partners — Momentum program,32796,2025-10-08,Sales Pipeline,Closed Won,vantagewealthpartners.com,Momentum,Training & Coaching;Leadership Development,Website — organic,2,,INV-2025-00282,Paid,0,NET 30
Winsley Advisory — Summit program,26815,2026-08-15,Sales Pipeline,Closed Lost,winsleyadvisory.com,Summit,Leadership Development;Organizational Design,Inbound enquiry,1,,,,,
Draperfield Clinical Group — Summit program,80445,2026-08-15,Sales Pipeline,Closed Lost,draperfieldclinicalgroup.com,Summit,Change Management;Executive Coaching,Website — organic,3,,,,,
Brookline Works — Momentum program,36440,2025-03-13,Sales Pipeline,Closed Won,brooklineworks.com,Momentum,Training & Coaching;Organizational Design,Event / conference,1,,INV-2026-00622,Draft,,NET 30
Pemberton Academy — Momentum program,18220,2026-08-15,Sales Pipeline,Closed Lost,pembertonacademy.com,Momentum,Performance Consulting,Event / conference,1,,,,,
Jarrow Goods — Momentum program,54660,2025-11-18,Sales Pipeline,Closed Lost,jarrowgoods.com,Momentum,Change Management;Executive Coaching,Website — organic,3,Specialty experience,,,,
Chesney Systems — Momentum program,29152,2025-05-10,Sales Pipeline,Proposal Sent,chesneysystems.com,Momentum,Leadership Development,Website — organic,2,Communication style,,,,
Inglewood Freight — Momentum program,16398,2026-08-15,Sales Pipeline,Closed Lost,inglewoodfreight.com,Momentum,Organizational Design,Referral,1,,,,,
Draycott Logistics — Momentum program,30760,2026-08-15,Sales Pipeline,Closed Lost,draycottlogistics.com,Momentum,Performance Consulting,Inbound enquiry,1,,,,,
Merrow Financial — Momentum program,54660,2026-09-01,Sales Pipeline,Proposal Sent,merrowfinancial.com,Momentum,Team Effectiveness,Referral,3,Learning platform gap,,,,
Juniper Education Group — Summit program,26815,2026-10-11,Sales Pipeline,Lead,junipereducationgroup.com,Summit,Executive Coaching;Leadership Development,Website — organic,1,,,,,
Marlowe Care Group — Momentum program,24941,2026-06-30,Sales Pipeline,Closed Lost,marlowecaregroup.com,Momentum,Culture & Engagement,Website — organic,1,Coverage hours mismatch,,,,
Kingsford Advisory — Momentum program,54660,2026-02-15,Sales Pipeline,Closed Lost,kingsfordadvisory.com,Momentum,Performance Consulting;Culture & Engagement,Website — organic,3,Learning platform gap,,,,
Underhill Care Group — Summit program,26815,2026-08-15,Sales Pipeline,Closed Lost,underhillcaregroup.com,Summit,Succession Planning;Executive Coaching,Website — organic,1,,,,,
Yarrow Capital — Core program,22896,2026-05-10,Sales Pipeline,Closed Lost,yarrowcapital.com,Core,Performance Consulting,Referral,2,Specialty experience,,,,
Northwind Software — Momentum program,54660,2026-08-15,Sales Pipeline,Closed Lost,northwindsoftware.com,Momentum,Leadership Development;Team Effectiveness,Referral,3,,,,,
Pemberton Works — Momentum program,65592,2026-08-15,Sales Pipeline,Closed Lost,pembertonworks.com,Momentum,Culture & Engagement,Inbound enquiry,2,,,,,
Winsley Builders — Summit program,53630,2026-04-19,Sales Pipeline,Closed Won,winsleybuilders.com,Summit,Organizational Design,Website — organic,2,Learning platform gap,INV-2026-00611,Draft,,NET 45
Kingsford Systems — Core program,21823,2026-08-15,Sales Pipeline,Closed Lost,kingsfordsystems.com,Core,Leadership Development;Performance Consulting,Inbound enquiry,1,Communication style,,,,
Blackstone Education Group — Summit program,24133.5,2026-08-15,Sales Pipeline,Closed Lost,blackstoneeducationgroup.com,Summit,Performance Consulting;Training & Coaching,Referral,1,Learning platform gap,,,,
Larkspur Advisory — Summit program,42904,2026-08-29,Sales Pipeline,Lead,larkspuradvisory.com,Summit,Leadership Development;Organizational Design,Website — organic,2,,,,,
Winsley Software — Summit program,26815,2026-11-26,Sales Pipeline,Proposal Sent,winsleysoftware.com,Summit,Organizational Design,Referral,1,Rate,,,,
Yarrow Partners — Momentum program,48219,2026-08-15,Sales Pipeline,Closed Lost,yarrowpartners.com,Momentum,Executive Coaching;Succession Planning,Referral,2,,,,,
Lyndhurst Manufacturing — Momentum program,36440,2025-08-21,Sales Pipeline,Closed Lost,lyndhurstmanufacturing.com,Momentum,Performance Consulting,Inbound enquiry,2,Specialty experience,,,,
Ridgeline Health — Summit program,26815,2025-09-26,Sales Pipeline,Closed Won,ridgelinehealth.com,Summit,Performance Consulting,Website — organic,1,Rate,INV-2026-00614,Draft,,NET 15
Meridian Medical Group — Core program,25440,2026-08-15,Sales Pipeline,Closed Lost,meridianmedicalgroup.com,Core,Training & Coaching;Performance Consulting,Event / conference,2,,,,,
Ironwood Financial — Momentum program,36440,2025-09-14,Sales Pipeline,Closed Lost,ironwoodfinancial.com,Momentum,Training & Coaching,Website — organic,2,Specialty experience,,,,
Pemberton Contracting — Momentum program,17309,2026-08-15,Sales Pipeline,Closed Lost,pembertoncontracting.com,Momentum,Change Management,Website — organic,1,Rate,,,,
Orchard Alliance — Momentum program,14964,2026-08-15,Sales Pipeline,Closed Lost,orchardalliance.com,Momentum,Team Effectiveness;Performance Consulting,Referral,1,Client paused decision,,,,
Orchard Labs — Momentum program,36440,2026-08-15,Sales Pipeline,Closed Lost,orchardlabs.com,Momentum,Training & Coaching,Website — organic,2,,,,,
Marlow Technologies — Summit program,24133.5,2025-07-24,Sales Pipeline,Negotiation,marlowtechnologies.com,Summit,Culture & Engagement,Website — organic,1,,,,,
Beacon Works — Momentum program,32796,2025-11-14,Sales Pipeline,Proposal Sent,beaconworks.com,Momentum,Culture & Engagement;Succession Planning,Inbound enquiry,2,,,,,
Quarry Manufacturing — Momentum program,54660,2026-05-01,Sales Pipeline,Closed Won,quarrymanufacturing.com,Momentum,Training & Coaching;Team Effectiveness,Website — organic,3,,INV-2026-00435,Paid,0,NET 30
Larkspur Industries — Momentum program,33707,2025-12-02,Sales Pipeline,Closed Lost,larkspurindustries.com,Momentum,Performance Consulting,Referral,1,Learning platform gap,,,,
Whitlock Care Group — Momentum program,18220,2026-09-01,Sales Pipeline,Qualified Lead,whitlockcaregroup.com,Momentum,Executive Coaching,Website — organic,1,,,,,
Aster Financial — Summit program,25474.25,2026-08-15,Sales Pipeline,Closed Lost,asterfinancial.com,Summit,Culture & Engagement,Website — organic,1,,,,,
Merrow Health — Core program,25440,2026-04-13,Sales Pipeline,Closed Lost,merrowhealth.com,Core,Training & Coaching,Event / conference,2,Communication style,,,,
Cardinal Medical Group — Core program,12720,2026-10-26,Sales Pipeline,Lead,cardinalmedicalgroup.com,Core,Training & Coaching;Organizational Design,Website — organic,1,Client paused decision,,,,
Vantage Medical Group — Core program,16835,2025-08-05,Sales Pipeline,Closed Won,vantagemedicalgroup.com,Core,Organizational Design;Change Management,Referral,1,,INV-2026-00586,Draft,,NET 30
Tanglewood Medical Group — Momentum program,32796,2026-08-15,Sales Pipeline,Closed Lost,tanglewoodmedicalgroup.com,Momentum,Succession Planning;Team Effectiveness,Event / conference,2,,,,,
Ridgeline Group — Momentum program,33707,2026-11-22,Sales Pipeline,Qualified Lead,ridgelinegroup.com,Momentum,Team Effectiveness,Website — organic,1,,,,,
Norbury Technologies — Core program,25440,2026-08-15,Sales Pipeline,Closed Lost,norburytechnologies.com,Core,Succession Planning,Event / conference,2,,,,,
Copperfield Capital — Core program,25440,2026-08-15,Sales Pipeline,Closed Lost,copperfieldcapital.com,Core,Training & Coaching;Performance Consulting,Inbound enquiry,1,,,,,
Harlow Advisory — Core program,25440,2025-08-04,Sales Pipeline,Negotiation,harlowadvisory.com,Core,Training & Coaching;Performance Consulting,Website — organic,2,Rate,,,,
Ivywell Technologies — Core program,22896,2026-08-15,Sales Pipeline,Closed Lost,ivywelltechnologies.com,Core,Organizational Design;Training & Coaching,Website — organic,2,,,,,
Alder Contracting — Momentum program,36440,2026-03-03,Sales Pipeline,Closed Won,aldercontracting.com,Momentum,Team Effectiveness;Performance Consulting,Website — organic,2,Learning platform gap,INV-2026-00594,Draft,,NET 45
Cardinal Capital — Summit program,25474.25,2026-08-22,Sales Pipeline,Lead,cardinalcapital.com,Summit,Organizational Design;Performance Consulting,Website — organic,1,,,,,
Vestry Systems — Core program,12720,2026-07-25,Sales Pipeline,Closed Won,vestrysystems.com,Core,Change Management,Inbound enquiry,1,Specialty experience,INV-2026-00595,Draft,,NET 60
Jarrow Education Group — Momentum program,16398,2026-05-08,Sales Pipeline,Closed Won,jarroweducationgroup.com,Momentum,Culture & Engagement,Referral,1,,INV-2026-00442,Paid,0,NET 45
Quarry Health — Core program,25440,2026-08-15,Sales Pipeline,Closed Lost,quarryhealth.com,Core,Training & Coaching,Referral,2,,,,,
Quarry Academy — Core program,25440,2026-08-15,Sales Pipeline,Closed Lost,quarryacademy.com,Core,Organizational Design,Website — organic,2,,,,,
Kestrel Freight — Summit program,53630,2025-06-25,Sales Pipeline,Closed Won,kestrelfreight.com,Summit,Organizational Design,Website — organic,2,,INV-2025-00185,Paid,0,NET 30
Redwyn Technologies — Momentum program,18220,2026-08-15,Sales Pipeline,Closed Lost,redwyntechnologies.com,Momentum,Culture & Engagement,Event / conference,1,,,,,
Upton Technologies — Core program,38160,2025-01-30,Sales Pipeline,Proposal Sent,uptontechnologies.com,Core,Executive Coaching;Performance Consulting,Website — organic,3,Learning platform gap,,,,
Juniper Medical Group — Momentum program,17309,2026-08-15,Sales Pipeline,Closed Lost,junipermedicalgroup.com,Momentum,Change Management;Executive Coaching,Website — organic,1,,,,,
Ashgrove Fabrication — Momentum program,36440,2025-03-30,Sales Pipeline,Closed Won,ashgrovefabrication.com,Momentum,Organizational Design,Event / conference,2,,INV-2025-00097,Paid,0,NET 30
Jarrow Initiative — Momentum program,17309,2026-08-15,Sales Pipeline,Closed Lost,jarrowinitiative.com,Momentum,Training & Coaching,Referral,1,,,,,
Stonebridge Systems — Momentum program,36440,2026-03-16,Sales Pipeline,Lead,stonebridgesystems.com,Momentum,Succession Planning;Training & Coaching,Website — organic,2,Client paused decision,,,,
Winsley Retail Group — Core program,25440,2026-06-27,Sales Pipeline,Closed Lost,winsleyretailgroup.com,Core,Succession Planning;Culture & Engagement,Event / conference,2,Communication style,,,,
Hartley Wealth Partners — Summit program,53630,2025-08-19,Sales Pipeline,Closed Lost,hartleywealthpartners.com,Summit,Executive Coaching;Performance Consulting,Event / conference,2,Client paused decision,,,,
Draycott Contracting — Momentum program,18220,2026-08-15,Sales Pipeline,Closed Lost,draycottcontracting.com,Momentum,Leadership Development;Culture & Engagement,Website — organic,1,,,,,
Tilbury Works — Momentum program,32796,2026-09-19,Sales Pipeline,Qualified Lead,tilburyworks.com,Momentum,Team Effectiveness,Website — organic,2,,,,,
Sable Advisory — Momentum program,15487,2026-09-09,Sales Pipeline,Proposal Sent,sableadvisory.com,Momentum,Leadership Development,Referral,1,,,,,
Ridgeline Care Group — Momentum program,36440,2026-04-26,Sales Pipeline,Proposal Sent,ridgelinecaregroup.com,Momentum,Culture & Engagement,Inbound enquiry,2,Rate,,,,
Copperfield Digital — Momentum program,18220,2026-11-17,Sales Pipeline,Lead,copperfielddigital.com,Momentum,Succession Planning;Executive Coaching,Website — organic,1,,,,,
Norbury Works — Core program,48336,2025-07-03,Sales Pipeline,Closed Lost,norburyworks.com,Core,Change Management;Culture & Engagement,Event / conference,2,Client paused decision,,,,
Upton Partners — Core program,20352,2025-02-08,Sales Pipeline,Proposal Sent,uptonpartners.com,Core,Change Management;Performance Consulting,Inbound enquiry,2,,,,,
Merrow Manufacturing — Momentum program,54660,2026-09-20,Sales Pipeline,Proposal Sent,merrowmanufacturing.com,Momentum,Succession Planning,Website — organic,3,,,,,
Thatcham Partners — Momentum program,18220,2025-04-11,Sales Pipeline,Closed Won,thatchampartners.com,Momentum,Culture & Engagement,Website — organic,1,,INV-2025-00105,Paid,0,NET 30
Meridian Health — Momentum program,30974,2025-09-09,Sales Pipeline,Closed Lost,meridianhealth.com,Momentum,Leadership Development,Referral,2,Rate,,,,
Thornbury Software — Core program,10812,2026-08-15,Sales Pipeline,Closed Lost,thornburysoftware.com,Core,Leadership Development;Change Management,Referral,1,,,,,
Granton Digital — Momentum program,69236,2026-06-22,Sales Pipeline,Qualified Lead,grantondigital.com,Momentum,Organizational Design;Team Effectiveness,Website — organic,2,,,,,
Vantage Care Group — Momentum program,35529,2026-08-15,Sales Pipeline,Closed Lost,vantagecaregroup.com,Momentum,Team Effectiveness,Website — organic,1,Client paused decision,,,,
Linden Consulting — Momentum program,18220,2026-08-15,Sales Pipeline,Closed Lost,lindenconsulting.com,Momentum,Change Management;Training & Coaching,Event / conference,1,Communication style,,,,
Granton Advisory — Core program,25440,2026-08-15,Sales Pipeline,Closed Lost,grantonadvisory.com,Core,Culture & Engagement;Change Management,Website — organic,2,,,,,
Fairhaven Health — Momentum program,36440,2026-03-06,Sales Pipeline,Negotiation,fairhavenhealth.com,Momentum,Performance Consulting;Organizational Design,Website — organic,2,,,,,
Verdant Manufacturing — Momentum program,32796,2026-08-15,Sales Pipeline,Closed Lost,verdantmanufacturing.com,Momentum,Executive Coaching;Culture & Engagement,Inbound enquiry,2,Specialty experience,,,,
Sable Software — Momentum program,35529,2025-01-18,Sales Pipeline,Closed Won,sablesoftware.com,Momentum,Executive Coaching,Website — organic,1,Client paused decision,INV-2026-00633,Draft,,NET 45
Copperfield Academy — Momentum program,24109,2026-11-04,Sales Pipeline,Negotiation,copperfieldacademy.com,Momentum,Leadership Development,Website — organic,1,,,,,
Cardinal Capital — Momentum program,36440,2026-06-05,Sales Pipeline,Closed Won,cardinalcapital.com,Momentum,Culture & Engagement;Succession Planning,Website — organic,2,,INV-2026-00476,Written Off,40,NET 30
Lattice Medical Group — Core program,12470,2026-11-23,Sales Pipeline,Lead,latticemedicalgroup.com,Core,Succession Planning,Website — organic,1,,,,,
Ridgeline Consulting — Momentum program,19953,2026-09-25,Sales Pipeline,Lead,ridgelineconsulting.com,Momentum,Change Management;Leadership Development,Inbound enquiry,1,Communication style,,,,
Rosemont Group — Summit program,26815,2026-08-15,Sales Pipeline,Closed Lost,rosemontgroup.com,Summit,Culture & Engagement,Website — organic,1,,,,,
Carrow Digital — Core program,12720,2026-10-22,Sales Pipeline,Lead,carrowdigital.com,Core,Training & Coaching;Organizational Design,Event / conference,1,Client paused decision,,,,
Copperfield Wealth Partners — Momentum program,36440,2026-08-15,Sales Pipeline,Closed Lost,copperfieldwealthpartners.com,Momentum,Change Management;Succession Planning,Website — organic,2,,,,,
Underhill Industries — Momentum program,36440,2026-08-15,Sales Pipeline,Closed Lost,underhillindustries.com,Momentum,Succession Planning,Referral,1,Specialty experience,,,,
Kingsford Supply Co — Core program,24941,2025-03-04,Sales Pipeline,Closed Won,kingsfordsupplyco.com,Core,Performance Consulting;Team Effectiveness,Website — organic,2,,INV-2025-00060,Paid,0,NET 60
Norbury Group — Core program,25440,2026-08-15,Sales Pipeline,Closed Lost,norburygroup.com,Core,Succession Planning,Website — organic,2,,,,,
Norbury Group — Momentum program,23278,2026-09-27,Sales Pipeline,Qualified Lead,norburygroup.com,Momentum,Leadership Development,Website — organic,1,Client paused decision,,,,
Underhill Digital — Momentum program,29929,2025-03-15,Sales Pipeline,Proposal Sent,underhilldigital.com,Momentum,Succession Planning,Website — organic,1,,,,,
Quarry Software — Summit program,26815,2026-08-15,Sales Pipeline,Closed Lost,quarrysoftware.com,Summit,Change Management;Training & Coaching,Website — organic,1,Communication style,,,,
Copperfield Education Group — Momentum program,18220,2025-05-24,Sales Pipeline,Closed Won,copperfieldeducationgroup.com,Momentum,Training & Coaching;Executive Coaching,Website — organic,1,Coverage hours mismatch,INV-2026-00640,Draft,,NET 30
Sable Manufacturing — Momentum program,16398,2026-08-15,Sales Pipeline,Closed Lost,sablemanufacturing.com,Momentum,Change Management,Website — organic,1,,,,,
Cobalt Retail Group — Core program,25440,2025-12-10,Sales Pipeline,Qualified Lead,cobaltretailgroup.com,Core,Organizational Design,Website — organic,2,Coverage hours mismatch,,,,
Orchard Works — Momentum program,29098,2026-01-07,Sales Pipeline,Closed Lost,orchardworks.com,Momentum,Organizational Design;Team Effectiveness,Website — organic,1,Client paused decision,,,,
Northwind Associates — Momentum program,58195,2026-11-05,Sales Pipeline,Qualified Lead,northwindassociates.com,Momentum,Succession Planning,Event / conference,2,Client paused decision,,,,
Meridian Works — Summit program,26815,2025-07-08,Sales Pipeline,Proposal Sent,meridianworks.com,Summit,Executive Coaching;Organizational Design,Website — organic,1,Rate,,,,
Larkspur Wealth Partners — Core program,12720,2025-02-26,Sales Pipeline,Closed Won,larkspurwealthpartners.com,Core,Team Effectiveness;Leadership Development,Website — organic,1,,INV-2025-00052,Paid,0,NET 15
Cheswick Digital — Core program,20352,2026-08-15,Sales Pipeline,Closed Lost,cheswickdigital.com,Core,Executive Coaching;Organizational Design,Referral,2,Communication style,,,,
Keswick Advisory — Momentum program,36440,2025-11-25,Sales Pipeline,Negotiation,keswickadvisory.com,Momentum,Leadership Development;Performance Consulting,Referral,2,Learning platform gap,,,,
Redwyn Advisory — Momentum program,34618,2026-03-31,Sales Pipeline,Closed Lost,redwynadvisory.com,Momentum,Performance Consulting,Website — organic,2,Coverage hours mismatch,,,,
Bramble Brands — Momentum program,49194,2026-08-15,Sales Pipeline,Closed Lost,bramblebrands.com,Momentum,Organizational Design;Performance Consulting,Website — organic,3,,,,,
Inglewood Digital — Momentum program,15487,2026-08-15,Sales Pipeline,Closed Lost,inglewooddigital.com,Momentum,Culture & Engagement;Succession Planning,Referral,1,,,,,
Fenwick Trust — Momentum program,18220,2026-10-25,Sales Pipeline,Lead,fenwicktrust.com,Momentum,Change Management;Organizational Design,Referral,1,,,,,
Blackstone Brands — Core program,38160,2025-10-12,Sales Pipeline,Closed Won,blackstonebrands.com,Core,Culture & Engagement;Executive Coaching,Referral,3,Learning platform gap,INV-2026-00652,Draft,,NET 45
Elmridge Supply Co — Momentum program,18220,2026-11-13,Sales Pipeline,Qualified Lead,elmridgesupplyco.com,Momentum,Performance Consulting;Organizational Design,Website — organic,1,,,,,
Alder Construction — Core program,25440,2026-08-15,Sales Pipeline,Closed Lost,alderconstruction.com,Core,Executive Coaching,Website — organic,2,,,,,
Vantry Labs — Momentum program,36440,2026-08-15,Sales Pipeline,Closed Lost,vantrylabs.com,Momentum,Executive Coaching;Team Effectiveness,Event / conference,2,,,,,
Beacon Digital — Momentum program,18220,2025-02-24,Sales Pipeline,Lead,beacondigital.com,Momentum,Team Effectiveness;Organizational Design,Inbound enquiry,1,,,,,
Orchard Brands — Momentum program,18220,2026-09-12,Sales Pipeline,Qualified Lead,orchardbrands.com,Momentum,Team Effectiveness,Website — organic,1,,,,,
Hallmark Group — Core program,25440,2026-03-18,Sales Pipeline,Closed Won,hallmarkgroup.com,Core,Executive Coaching;Succession Planning,Event / conference,2,,INV-2026-00399,Overdue,133,NET 15
Upton Consulting — Core program,25440,2026-08-15,Sales Pipeline,Closed Lost,uptonconsulting.com,Core,Performance Consulting;Executive Coaching,Website — organic,2,,,,,
Fairhaven Capital — Momentum program,18220,2026-08-15,Sales Pipeline,Closed Lost,fairhavencapital.com,Momentum,Leadership Development,Website — organic,1,,,,,
Underhill Partners — Core program,21624,2026-07-07,Sales Pipeline,Proposal Sent,underhillpartners.com,Core,Culture & Engagement;Executive Coaching,Website — organic,2,,,,,
Quarry Supply Co — Momentum program,36440,2026-08-15,Sales Pipeline,Closed Lost,quarrysupplyco.com,Momentum,Change Management,Event / conference,1,,,,,
Oakfield Freight — Momentum program,46461,2025-06-23,Sales Pipeline,Closed Lost,oakfieldfreight.com,Momentum,Culture & Engagement;Change Management,Inbound enquiry,3,Coverage hours mismatch,,,,
Granton Retail Group — Momentum program,36440,2025-01-06,Sales Pipeline,Lead,grantonretailgroup.com,Momentum,Executive Coaching;Organizational Design,Inbound enquiry,2,,,,,
Norbury Manufacturing — Momentum program,18220,2025-04-04,Sales Pipeline,Closed Won,norburymanufacturing.com,Momentum,Succession Planning,Inbound enquiry,1,,INV-2025-00100,Paid,0,NET 60
Newbold Manufacturing — Core program,32436,2025-05-12,Sales Pipeline,Lead,newboldmanufacturing.com,Core,Succession Planning;Training & Coaching,Referral,3,Communication style,,,,
Orchard Care Group — Momentum program,16398,2026-08-15,Sales Pipeline,Closed Lost,orchardcaregroup.com,Momentum,Training & Coaching;Succession Planning,Referral,1,Specialty experience,,,,
Quill Works — Momentum program,36440,2026-08-15,Sales Pipeline,Closed Lost,quillworks.com,Momentum,Change Management,Existing client expansion,2,,,,,
Lattice Medical Group — Core program,17459,2026-08-15,Sales Pipeline,Closed Lost,latticemedicalgroup.com,Core,Executive Coaching,Website — organic,1,Learning platform gap,,,,
Underhill Digital — Momentum program,36440,2026-02-04,Sales Pipeline,Closed Won,underhilldigital.com,Momentum,Change Management;Culture & Engagement,Website — organic,1,Rate,INV-2026-00664,Draft,,NET 30
Vestry Wealth Partners — Momentum program,30974,2026-08-15,Sales Pipeline,Closed Lost,vestrywealthpartners.com,Momentum,Succession Planning,LinkedIn,2,,,,,
Harrowgate Contracting — Momentum program,36440,2025-04-12,Sales Pipeline,Closed Won,harrowgatecontracting.com,Momentum,Culture & Engagement,Website — organic,2,Coverage hours mismatch,INV-2026-00672,Draft,,NET 15
Whitlock Foundation — Core program,34344,2025-10-16,Sales Pipeline,Lead,whitlockfoundation.com,Core,Training & Coaching,Existing client expansion,3,,,,,
Whitlock Care Group — Momentum program,54660,2025-02-21,Sales Pipeline,Closed Lost,fairhavenlogistics.com,Momentum,Executive Coaching,Inbound enquiry,,Coverage hours mismatch,,,,
Thornbury Software — Summit program,53630,2026-05-17,Sales Pipeline,Closed Lost,draycottcontracting.com,Summit,Succession Planning,LinkedIn,,Communication style,,,,
Stonebridge Industries — Summit program,53630,2025-02-27,Sales Pipeline,Closed Lost,yarrowpartners.com,Summit,Team Effectiveness,Website — organic,,Rate,,,,
Linden Capital — Core program,38160,2026-06-19,Sales Pipeline,Closed Lost,jarrowcapital.com,Core,Change Management,Website — organic,,Learning platform gap,,,,
Aster Financial — Momentum program,54660,2025-03-31,Sales Pipeline,Closed Lost,winsleysoftware.com,Momentum,Leadership Development,LinkedIn,,Client paused decision,,,,
Winsley Alliance — Summit program,80445,2026-04-15,Sales Pipeline,Closed Lost,copperfieldfinancial.com,Summit,Executive Coaching,Event / conference,,Specialty experience,,,,
Jarrow Capital — Summit program,26815,2025-11-09,Sales Pipeline,Closed Lost,meridianmedicalgroup.com,Summit,Executive Coaching,Event / conference,,Coverage hours mismatch,,,,
Marlow Technologies — Summit program,26815,2026-08-05,Sales Pipeline,Closed Lost,draycottcaregroup.com,Summit,Organizational Design,Website — organic,,Communication style,,,,
Brookline Works — Core program,25440,2025-04-09,Sales Pipeline,Closed Lost,larkspurlogistics.com,Core,Culture & Engagement,Outbound,,Client paused decision,,,,
Vestry Software — Core program,25440,2026-08-07,Sales Pipeline,Closed Lost,harrowgatelearning.com,Core,Leadership Development,Website — organic,,Rate,,,,
Lyndhurst Manufacturing — Core program,25440,2025-10-27,Sales Pipeline,Closed Lost,stonebridgelogistics.com,Core,Change Management,Referral,,Rate,,,,
Northwind Software — Core program,38160,2025-02-19,Sales Pipeline,Closed Lost,junipereducationgroup.com,Core,Performance Consulting,Website — organic,,Learning platform gap,,,,
Newbold Consulting — Core program,25440,2025-11-08,Sales Pipeline,Closed Lost,orchardalliance.com,Core,Succession Planning,Event / conference,,Specialty experience,,,,
Foxglove Builders — Momentum program,18220,2025-08-23,Sales Pipeline,Closed Lost,beaconbrands.com,Momentum,Organizational Design,Website — organic,,Learning platform gap,,,,
Chesney Systems — Summit program,26815,2026-07-25,Sales Pipeline,Closed Lost,cobaltfoundation.com,Summit,Organizational Design,Event / conference,,Client paused decision,,,,
Winsley Medical Group — Summit program,26815,2026-05-07,Sales Pipeline,Closed Lost,sableconsulting.com,Summit,Organizational Design,Referral,,Coverage hours mismatch,,,,
Redwyn Goods — Core program,25440,2024-12-09,Sales Pipeline,Closed Lost,pinehillmanufacturing.com,Core,Organizational Design,Event / conference,,Specialty experience,,,,
Winsley Builders — Momentum program,36440,2026-02-13,Sales Pipeline,Closed Lost,yarrowcapital.com,Momentum,Executive Coaching,Event / conference,,Communication style,,,,
Harrowgate Manufacturing — Core program,25440,2026-07-27,Sales Pipeline,Closed Lost,hartleycaregroup.com,Core,Team Effectiveness,Event / conference,,Client paused decision,,,,
Stonebridge Education Group — Summit program,26815,2024-12-08,Sales Pipeline,Closed Lost,latticeworks.com,Summit,Leadership Development,Website — organic,,Client paused decision,,,,
Whitlock Medical Group — Momentum program,18220,2026-08-31,Sales Pipeline,Closed Lost,quarryacademy.com,Momentum,Performance Consulting,Referral,,Specialty experience,,,,
Kingsford Partners — Summit program,26815,2025-09-08,Sales Pipeline,Closed Lost,redwyngoods.com,Summit,Leadership Development,Inbound enquiry,,Learning platform gap,,,,
Sable Consulting — Momentum program,54660,2026-05-21,Sales Pipeline,Closed Lost,quarrymanufacturing.com,Momentum,Organizational Design,Website — organic,,Coverage hours mismatch,,,,
Ironwood Financial — Momentum program,36440,2025-05-13,Sales Pipeline,Closed Lost,copperfieldpartners.com,Momentum,Team Effectiveness,Referral,,Rate,,,,
Yarrow Software — Core program,12720,2026-07-26,Sales Pipeline,Closed Lost,stonebridgelabs.com,Core,Executive Coaching,Referral,,Learning platform gap,,,,
Hartley Care Group — Summit program,53630,2026-04-17,Sales Pipeline,Closed Lost,vestrysoftware.com,Summit,Team Effectiveness,Referral,,Client paused decision,,,,
Stonebridge Labs — Core program,38160,2026-06-02,Sales Pipeline,Closed Lost,underhillcaregroup.com,Core,Team Effectiveness,Event / conference,,Learning platform gap,,,,
Merrow Health — Momentum program,36440,2026-07-16,Sales Pipeline,Closed Lost,beaconworks.com,Momentum,Change Management,Website — organic,,Communication style,,,,
Glenmoor Digital — Momentum program,18220,2026-07-04,Sales Pipeline,Closed Lost,orchardlabs.com,Momentum,Culture & Engagement,LinkedIn,,Communication style,,,,
Cardinal Medical Group — Momentum program,18220,2026-06-01,Sales Pipeline,Closed Lost,merrowfinancial.com,Momentum,Culture & Engagement,Website — organic,,Rate,,,,
Granton Consulting — Summit program,80445,2025-05-04,Sales Pipeline,Closed Lost,tilburydigital.com,Summit,Leadership Development,Outbound,,Specialty experience,,,,
Meridian Medical Group — Core program,12720,2025-08-15,Sales Pipeline,Closed Lost,lindencapital.com,Core,Leadership Development,Website — organic,,Coverage hours mismatch,,,,
Wayfinder Learning — Core program,25440,2025-01-22,Sales Pipeline,Closed Lost,northwinddigital.com,Core,Leadership Development,LinkedIn,,Coverage hours mismatch,,,,
Merrow Consulting — Summit program,53630,2025-10-13,Sales Pipeline,Closed Lost,whitlockcaregroup.com,Summit,Team Effectiveness,LinkedIn,,Communication style,,,,
Yarrow Capital — Summit program,53630,2025-01-23,Sales Pipeline,Closed Lost,ironwoodfinancial.com,Summit,Leadership Development,Inbound enquiry,,Specialty experience,,,,
Redwyn Manufacturing — Core program,12720,2025-03-12,Sales Pipeline,Closed Lost,larkspurindustries.com,Core,Leadership Development,Website — organic,,Coverage hours mismatch,,,,
Hallmark Digital — Momentum program,54660,2026-02-14,Sales Pipeline,Closed Lost,hubspot.com,Momentum,Performance Consulting,LinkedIn,,Client paused decision,,,,
Quarry Manufacturing — Core program,12720,2026-01-14,Sales Pipeline,Closed Lost,kingsfordpartners.com,Core,Team Effectiveness,Referral,,Coverage hours mismatch,,,,
Marlowe Care Group — Core program,25440,2025-04-28,Sales Pipeline,Closed Lost,copperfieldcaregroup.com,Core,Team Effectiveness,Website — organic,,Client paused decision,,,,
Blackstone Group — Summit program,80445,2026-01-04,Sales Pipeline,Closed Lost,stonebridgeindustries.com,Summit,Organizational Design,LinkedIn,,Specialty experience,,,,
Northwind Digital — Momentum program,18220,2025-02-19,Sales Pipeline,Closed Lost,fairhavenlearning.com,Momentum,Change Management,Referral,,Learning platform gap,,,,
Merrow Retail Group — Momentum program,18220,2025-07-06,Sales Pipeline,Closed Lost,ivywellfreight.com,Momentum,Culture & Engagement,LinkedIn,,Rate,,,,
Larkspur Industries — Summit program,53630,2026-07-23,Sales Pipeline,Closed Lost,cardinalmedicalgroup.com,Summit,Culture & Engagement,LinkedIn,,Communication style,,,,
Glenmoor Initiative — Summit program,80445,2026-03-27,Sales Pipeline,Closed Lost,kingsfordadvisory.com,Summit,Culture & Engagement,Inbound enquiry,,Rate,,,,
Northwind Group — Summit program,53630,2025-08-15,Sales Pipeline,Closed Lost,newboldconsulting.com,Summit,Team Effectiveness,Outbound,,Client paused decision,,,,
Inglewood Freight — Momentum program,54660,2025-02-11,Sales Pipeline,Closed Lost,carrowworks.com,Momentum,Succession Planning,LinkedIn,,Rate,,,,
Copperfield Care Group — Momentum program,36440,2025-06-14,Sales Pipeline,Closed Lost,stonebridgeeducationgroup.com,Momentum,Team Effectiveness,Event / conference,,Client paused decision,,,,
Linden Education Group — Core program,38160,2025-10-25,Sales Pipeline,Closed Lost,vantagemedicalgroup.com,Core,Organizational Design,Referral,,Client paused decision,,,,
Ivywell Freight — Summit program,26815,2026-07-31,Sales Pipeline,Closed Lost,lindeneducationgroup.com,Summit,Succession Planning,Website — organic,,Learning platform gap,,,,
Fairhaven Learning — Core program,38160,2025-04-29,Sales Pipeline,Closed Lost,pinehilllabs.com,Core,Change Management,Outbound,,Learning platform gap,,,,
Quarry Academy — Summit program,80445,2025-09-16,Sales Pipeline,Closed Lost,winsleyfinancial.com,Summit,Performance Consulting,Outbound,,Specialty experience,,,,
Draycott Care Group — Summit program,80445,2025-02-25,Sales Pipeline,Closed Lost,pembertoncontracting.com,Summit,Team Effectiveness,LinkedIn,,Specialty experience,,,,
Kingsford Systems — Momentum program,36440,2025-08-09,Sales Pipeline,Closed Lost,merrowretailgroup.com,Momentum,Succession Planning,Website — organic,,Communication style,,,,
Beacon Brands — Momentum program,54660,2026-01-29,Sales Pipeline,Closed Lost,glenmoordigital.com,Momentum,Culture & Engagement,Inbound enquiry,,Rate,,,,
Copperfield Retail Group — Core program,25440,2026-08-15,Sales Pipeline,Closed Lost,harrowgatemanufacturing.com,Core,Executive Coaching,Website — organic,,Learning platform gap,,,,
Pinehill Labs — Momentum program,54660,2025-02-20,Sales Pipeline,Closed Lost,lyndhurstmanufacturing.com,Momentum,Team Effectiveness,Outbound,,Learning platform gap,,,,
Yarrow Partners — Summit program,53630,2025-07-25,Sales Pipeline,Closed Lost,grantonconsulting.com,Summit,Culture & Engagement,LinkedIn,,Learning platform gap,,,,
Orchard Alliance — Core program,25440,2026-08-30,Sales Pipeline,Closed Lost,wexfordgoods.com,Core,Leadership Development,Website — organic,,Coverage hours mismatch,,,,
Lattice Works — Summit program,53630,2025-10-26,Sales Pipeline,Closed Lost,northwindgroup.com,Summit,Performance Consulting,Event / conference,,Rate,,,,
Larkspur Logistics — Momentum program,54660,2024-12-18,Sales Pipeline,Closed Lost,merrowconsulting.com,Momentum,Performance Consulting,Website — organic,,Learning platform gap,,,,
Harrowgate Learning — Summit program,80445,2025-07-15,Sales Pipeline,Closed Lost,vantagefreight.com,Summit,Leadership Development,Website — organic,,Client paused decision,,,,
Hallmark Software — Core program,25440,2026-08-03,Sales Pipeline,Closed Lost,inglewoodfreight.com,Core,Organizational Design,Website — organic,,Specialty experience,,,,
Copperfield Financial — Core program,25440,2026-04-28,Sales Pipeline,Closed Lost,brightharboracademy.com,Core,Performance Consulting,LinkedIn,,Client paused decision,,,,
Winsley Software — Core program,38160,2026-07-14,Sales Pipeline,Closed Lost,hallmarksoftware.com,Core,Succession Planning,Inbound enquiry,,Learning platform gap,,,,
Bright Harbor Academy — Summit program,53630,2026-07-25,Sales Pipeline,Closed Lost,lindeninitiative.com,Summit,Culture & Engagement,Outbound,,Rate,,,,
Cobalt Foundation — Momentum program,36440,2026-04-22,Sales Pipeline,Closed Lost,hallmarkmedicalgroup.com,Momentum,Executive Coaching,Referral,,Specialty experience,,,,
Underhill Care Group — Momentum program,36440,2026-07-28,Sales Pipeline,Closed Lost,blackstoneeducationgroup.com,Momentum,Executive Coaching,Inbound enquiry,,Specialty experience,,,,
Aster Logistics — Core program,25440,2026-07-17,Sales Pipeline,Closed Lost,orchardeducationgroup.com,Core,Team Effectiveness,Outbound,,Specialty experience,,,,
Vantage Freight — Momentum program,54660,2025-08-25,Sales Pipeline,Closed Lost,brooklineworks.com,Momentum,Executive Coaching,Event / conference,,Specialty experience,,,,
Pinehill Manufacturing — Core program,38160,2025-11-04,Sales Pipeline,Closed Lost,marlowelogistics.com,Core,Succession Planning,Outbound,,Communication style,,,,
Winsley Financial — Momentum program,36440,2026-06-04,Sales Pipeline,Closed Lost,glenmoorinitiative.com,Momentum,Executive Coaching,Outbound,,Learning platform gap,,,,
Linden Initiative — Core program,38160,2025-07-24,Sales Pipeline,Closed Lost,uptonworks.com,Core,Organizational Design,Referral,,Specialty experience,,,,
Blackstone Education Group — Momentum program,54660,2025-08-02,Sales Pipeline,Closed Lost,hallmarkdigital.com,Momentum,Culture & Engagement,LinkedIn,,Communication style,,,,
Draycott Contracting — Core program,12720,2026-06-18,Sales Pipeline,Closed Lost,winsleyalliance.com,Core,Team Effectiveness,Inbound enquiry,,Coverage hours mismatch,,,,
Beacon Works — Momentum program,18220,2025-06-28,Sales Pipeline,Closed Lost,whitlockmedicalgroup.com,Momentum,Performance Consulting,Outbound,,Communication style,,,,
Hallmark Medical Group — Momentum program,18220,2026-10-29,Sales Pipeline,Closed Lost,blackstonegroup.com,Momentum,Team Effectiveness,Event / conference,,Coverage hours mismatch,,,,
Larkspur Advisory — Momentum program,18220,2025-04-24,Sales Pipeline,Closed Lost,yarrowsoftware.com,Momentum,Culture & Engagement,LinkedIn,,Client paused decision,,,,
Wexford Industries — Summit program,53630,2025-01-24,Sales Pipeline,Closed Lost,draycottlogistics.com,Summit,Organizational Design,Outbound,,Coverage hours mismatch,,,,
Kingsford Advisory — Summit program,80445,2025-06-27,Sales Pipeline,Closed Lost,pembertonworks.com,Summit,Change Management,Outbound,,Learning platform gap,,,,
Pemberton Contracting — Core program,38160,2025-04-05,Sales Pipeline,Closed Lost,wayfinderlearning.com,Core,Organizational Design,Event / conference,,Learning platform gap,,,,
Draycott Logistics — Summit program,26815,2025-08-15,Sales Pipeline,Closed Lost,thornburysoftware.com,Summit,Succession Planning,Inbound enquiry,,Specialty experience,,,,
Dunmore Industries — Core program,12720,2026-02-22,Sales Pipeline,Closed Lost,marlowtechnologies.com,Core,Team Effectiveness,Referral,,Learning platform gap,,,,
Orchard Education Group — Momentum program,36440,2025-12-19,Sales Pipeline,Closed Lost,marlowecaregroup.com,Momentum,Organizational Design,Outbound,,Client paused decision,,,,
Fairhaven Logistics — Core program,12720,2025-09-12,Sales Pipeline,Closed Lost,wexfordindustries.com,Core,Team Effectiveness,LinkedIn,,Rate,,,,
Vale Advisory — Summit program,80445,2025-09-19,Sales Pipeline,Closed Lost,kingsfordsystems.com,Summit,Culture & Engagement,LinkedIn,,Learning platform gap,,,,
Pemberton Works — Momentum program,18220,2026-06-04,Sales Pipeline,Closed Lost,larkspuradvisory.com,Momentum,Executive Coaching,Referral,,Learning platform gap,,,,
Orchard Labs — Summit program,26815,2025-05-19,Sales Pipeline,Closed Lost,chesneysystems.com,Summit,Change Management,Event / conference,,Rate,,,,
Foxglove Digital — Summit program,53630,2025-04-29,Sales Pipeline,Closed Lost,asterfinancial.com,Summit,Leadership Development,Inbound enquiry,,Specialty experience,,,,
Ridgeline Health — Momentum program,18220,2026-05-31,Sales Pipeline,Closed Lost,valeadvisory.com,Momentum,Change Management,LinkedIn,,Learning platform gap,,,,
Merrow Financial — Summit program,53630,2026-08-10,Sales Pipeline,Closed Lost,northwindsoftware.com,Summit,Succession Planning,LinkedIn,,Specialty experience,,,,
Wexford Goods — Core program,38160,2025-02-24,Sales Pipeline,Closed Lost,asterlogistics.com,Core,Executive Coaching,Event / conference,,Coverage hours mismatch,,,,
Stonebridge Logistics — Summit program,26815,2026-07-02,Sales Pipeline,Closed Lost,foxglovebuilders.com,Summit,Leadership Development,LinkedIn,,Coverage hours mismatch,,,,
Upton Works — Momentum program,54660,2026-04-26,Sales Pipeline,Closed Lost,winsleybuilders.com,Momentum,Executive Coaching,LinkedIn,,Communication style,,,,
Marlowe Logistics — Summit program,53630,2026-07-26,Sales Pipeline,Closed Lost,dunmoreindustries.com,Summit,Team Effectiveness,Website — organic,,Rate,,,,
Carrow Works — Momentum program,54660,2026-07-16,Sales Pipeline,Closed Lost,ridgelinehealth.com,Momentum,Leadership Development,LinkedIn,,Learning platform gap,,,,
Tilbury Digital — Summit program,53630,2025-01-06,Sales Pipeline,Closed Lost,redwynmanufacturing.com,Summit,Organizational Design,Event / conference,,Coverage hours mismatch,,,,
Copperfield Partners — Momentum program,54660,2024-12-15,Sales Pipeline,Closed Lost,foxglovedigital.com,Momentum,Performance Consulting,LinkedIn,,Coverage hours mismatch,,,,
Juniper Education Group — Core program,25440,2026-01-20,Sales Pipeline,Closed Lost,merrowhealth.com,Core,Organizational Design,Outbound,,Specialty experience,,,,
Vantage Medical Group — Momentum program,18220,2026-09-18,Sales Pipeline,Closed Lost,winsleymedicalgroup.com,Momentum,Executive Coaching,LinkedIn,,Communication style,,,,
Winsley Alliance — Core program,36252,2026-08-15,Sales Pipeline,Closed Lost,winsleyalliance.com,Core,Performance Consulting;Succession Planning,Referral,3,,,,,
Sable Software — Momentum program,36440,2025-10-07,Sales Pipeline,Qualified Lead,sablesoftware.com,Momentum,Performance Consulting;Succession Planning,Website — organic,2,Learning platform gap,,,,
Tanglewood Digital — Momentum program,36440,2025-07-05,Sales Pipeline,Closed Lost,tanglewooddigital.com,Momentum,Team Effectiveness,Referral,2,Rate,,,,
Lyndhurst Care Group — Momentum program,36440,2026-08-15,Sales Pipeline,Closed Lost,lyndhurstcaregroup.com,Momentum,Change Management;Training & Coaching,Website — organic,2,,,,,
Elmridge Works — Momentum program,32796,2025-07-08,Sales Pipeline,Closed Won,elmridgeworks.com,Momentum,Team Effectiveness;Organizational Design,Referral,2,Communication style,INV-2026-00677,Draft,,NET 15
Vantage Medical Group — Momentum program,16627,2025-07-11,Sales Pipeline,Closed Won,vantagemedicalgroup.com,Momentum,Performance Consulting;Team Effectiveness,Referral,1,Specialty experience,INV-2026-00678,Draft,,NET 45
Granton Retail Group — Core program,11448,2025-04-23,Sales Pipeline,Closed Won,grantonretailgroup.com,Core,Executive Coaching,Inbound enquiry,1,Client paused decision,INV-2026-00679,Draft,,NET 60
Linden Consulting — Summit program,26815,2026-08-15,Sales Pipeline,Closed Lost,lindenconsulting.com,Summit,Executive Coaching;Succession Planning,Event / conference,1,,,,,
Norbury Goods — Momentum program,32796,2026-08-15,Sales Pipeline,Closed Lost,norburygoods.com,Momentum,Leadership Development;Training & Coaching,Website — organic,1,,,,,
Ironwood Health — Momentum program,72880,2025-01-03,Sales Pipeline,Negotiation,ironwoodhealth.com,Momentum,Change Management,Existing client expansion,2,Communication style,,,,
Tanglewood Learning — Momentum program,32796,2026-08-15,Sales Pipeline,Closed Lost,tanglewoodlearning.com,Momentum,Change Management;Training & Coaching,Outbound,2,,,,,
Pemberton Advisory — Momentum program,46461,2025-07-08,Sales Pipeline,Closed Lost,pembertonadvisory.com,Momentum,Team Effectiveness,Partner,3,Rate,,,,
Sorrel Medical Group — Momentum program,36440,2025-02-26,Sales Pipeline,Lead,sorrelmedicalgroup.com,Momentum,Succession Planning;Performance Consulting,Existing client expansion,2,,,,,
Hartley Care Group — Core program,22896,2026-08-15,Sales Pipeline,Closed Lost,hartleycaregroup.com,Core,Change Management;Organizational Design,Referral,2,,,,,
Vantage Health — Summit program,26815,2025-08-16,Sales Pipeline,Closed Won,vantagehealth.com,Summit,Training & Coaching;Team Effectiveness,Outbound,1,Learning platform gap,INV-2026-00687,Draft,,NET 15
Blackstone Wealth Partners — Momentum program,36440,2026-08-15,Sales Pipeline,Closed Lost,blackstonewealthpartners.com,Momentum,Organizational Design,Outbound,2,,,,,
Tilbury Fabrication — Momentum program,32796,2026-08-16,Sales Pipeline,Negotiation,tilburyfabrication.com,Momentum,Succession Planning;Executive Coaching,Referral,2,Coverage hours mismatch,,,,
Vestry Consulting — Core program,22896,2026-08-15,Sales Pipeline,Closed Lost,vestryconsulting.com,Core,Culture & Engagement;Executive Coaching,Referral,1,,,,,
Blackstone Advisory — Core program,25440,2026-07-10,Sales Pipeline,Closed Won,blackstoneadvisory.com,Core,Culture & Engagement;Team Effectiveness,Inbound enquiry,2,Communication style,INV-2026-00691,Draft,,NET 30
Draperfield Assurance — Core program,22896,2026-08-15,Sales Pipeline,Closed Lost,draperfieldassurance.com,Core,Training & Coaching,Event / conference,2,,,,,
Vestry Consulting — Core program,13094,2026-01-01,Sales Pipeline,Closed Won,vestryconsulting.com,Core,Executive Coaching;Succession Planning,Referral,1,Learning platform gap,INV-2026-00694,Draft,,NET 30
Rothwell Technologies — Momentum program,36440,2026-06-14,Sales Pipeline,Closed Lost,rothwelltechnologies.com,Momentum,Performance Consulting,Existing client expansion,2,Learning platform gap,,,,
Winsley Builders — Momentum program,15487,2026-08-15,Sales Pipeline,Closed Lost,winsleybuilders.com,Momentum,Leadership Development,Website — organic,1,,,,,
Carrow Contracting — Momentum program,29152,2025-07-10,Sales Pipeline,Closed Lost,carrowcontracting.com,Momentum,Training & Coaching,Referral,2,Specialty experience,,,,
Ashdown Associates — Momentum program,36440,2025-10-25,Sales Pipeline,Closed Won,ashdownassociates.com,Momentum,Team Effectiveness;Organizational Design,Referral,2,,INV-2025-00297,Paid,0,NET 30
Copperfield Capital — Core program,16212,2026-08-15,Sales Pipeline,Closed Lost,copperfieldcapital.com,Core,Leadership Development;Organizational Design,Inbound enquiry,1,,,,,
Orchard Industries — Momentum program,34618,2026-08-15,Sales Pipeline,Closed Lost,orchardindustries.com,Momentum,Change Management,Existing client expansion,2,,,,,
Upton Digital — Momentum program,36440,2026-08-15,Sales Pipeline,Closed Lost,uptondigital.com,Momentum,Leadership Development,Referral,2,,,,,
Merrow Consulting — Momentum program,32796,2026-05-21,Sales Pipeline,Proposal Sent,merrowconsulting.com,Momentum,Team Effectiveness;Change Management,Outbound,2,,,,,
Tilbury Works — Momentum program,18220,2026-09-21,Sales Pipeline,Negotiation,tilburyworks.com,Momentum,Executive Coaching,Website — organic,1,,,,,
Kestrel Freight — Momentum program,18220,2026-08-15,Sales Pipeline,Closed Lost,kestrelfreight.com,Momentum,Change Management,Website — organic,1,,,,,
Norbury Goods — Core program,24168,2026-08-15,Sales Pipeline,Closed Lost,norburygoods.com,Core,Training & Coaching;Team Effectiveness,Website — organic,2,Client paused decision,,,,
Winsley Advisory — Momentum program,16398,2026-08-15,Sales Pipeline,Closed Lost,winsleyadvisory.com,Momentum,Succession Planning,Inbound enquiry,1,,,,,
Quill Alliance — Core program,25440,2024-12-23,Sales Pipeline,Lead,quillalliance.com,Core,Team Effectiveness,Referral,2,Client paused decision,,,,
Redwyn Software — Momentum program,16398,2025-05-12,Sales Pipeline,Closed Lost,redwynsoftware.com,Momentum,Team Effectiveness;Organizational Design,Referral,1,Learning platform gap,,,,
Vantage Freight — Core program,25440,2025-01-03,Sales Pipeline,Closed Won,vantagefreight.com,Core,Organizational Design,Website — organic,2,,INV-2025-00004,Paid,0,NET 30
Orchard Alliance — Momentum program,72880,2026-07-14,Sales Pipeline,Closed Won,orchardalliance.com,Momentum,Leadership Development;Team Effectiveness,Referral,1,Coverage hours mismatch,INV-2026-00711,Draft,,NET 60
Yarrow Partners — Momentum program,18220,2026-08-15,Sales Pipeline,Closed Lost,yarrowpartners.com,Momentum,Organizational Design;Executive Coaching,Referral,1,Specialty experience,,,,
Cobalt Retail Group — Core program,25440,2026-04-11,Sales Pipeline,Closed Lost,vantagecaregroup.com,Core,Performance Consulting,Referral,,Rate,,,,
Hartley Wealth Partners — Momentum program,54660,2025-09-21,Sales Pipeline,Closed Lost,jarroweducationgroup.com,Momentum,Leadership Development,Website — organic,,Communication style,,,,
Jarrow Education Group — Momentum program,54660,2026-08-01,Sales Pipeline,Closed Lost,kingsfordsupplyco.com,Momentum,Succession Planning,Inbound enquiry,,Specialty experience,,,,
Lattice Medical Group — Core program,25440,2026-03-01,Sales Pipeline,Closed Lost,grantonretailgroup.com,Core,Culture & Engagement,Website — organic,,Specialty experience,,,,
Sable Software — Core program,38160,2025-10-11,Sales Pipeline,Closed Lost,latticemedicalgroup.com,Core,Leadership Development,Outbound,,Communication style,,,,
Elmridge Works — Summit program,80445,2026-08-01,Sales Pipeline,Closed Lost,fairhavenhealth.com,Summit,Organizational Design,Inbound enquiry,,Specialty experience,,,,
Underhill Industries — Summit program,53630,2025-12-30,Sales Pipeline,Closed Lost,ironwoodhealth.com,Summit,Organizational Design,Inbound enquiry,,Coverage hours mismatch,,,,
Copperfield Education Group — Summit program,26815,2026-07-31,Sales Pipeline,Closed Lost,sablemanufacturing.com,Summit,Executive Coaching,Event / conference,,Specialty experience,,,,
Blackstone Advisory — Summit program,80445,2026-06-29,Sales Pipeline,Closed Lost,whitlockfoundation.com,Summit,Succession Planning,LinkedIn,,Rate,,,,
Merrow Manufacturing — Momentum program,54660,2025-09-23,Sales Pipeline,Closed Lost,quillalliance.com,Momentum,Leadership Development,Event / conference,,Coverage hours mismatch,,,,
Norbury Manufacturing — Summit program,80445,2026-02-08,Sales Pipeline,Closed Lost,norburygoods.com,Summit,Performance Consulting,LinkedIn,,Learning platform gap,,,,
Harrowgate Contracting — Momentum program,36440,2026-08-19,Sales Pipeline,Closed Lost,carrowdigital.com,Momentum,Succession Planning,Event / conference,,Rate,,,,
Sorrel Medical Group — Momentum program,54660,2025-04-12,Sales Pipeline,Closed Lost,grantonadvisory.com,Momentum,Culture & Engagement,Outbound,,Learning platform gap,,,,
Pemberton Advisory — Momentum program,18220,2025-09-07,Sales Pipeline,Closed Lost,newboldmanufacturing.com,Momentum,Leadership Development,Referral,,Specialty experience,,,,
Verdant Manufacturing — Core program,25440,2025-09-24,Sales Pipeline,Closed Lost,cardinalcapital.com,Core,Culture & Engagement,Website — organic,,Coverage hours mismatch,,,,
Underhill Digital — Summit program,53630,2025-02-23,Sales Pipeline,Closed Lost,blackstonewealthpartners.com,Summit,Change Management,Event / conference,,Specialty experience,,,,
Tanglewood Digital — Core program,12720,2025-02-15,Sales Pipeline,Closed Lost,ridgelineconsulting.com,Core,Succession Planning,Inbound enquiry,,Client paused decision,,,,
Orchard Works — Summit program,53630,2024-12-28,Sales Pipeline,Closed Lost,sorrelmedicalgroup.com,Summit,Executive Coaching,Referral,,Specialty experience,,,,
Whitlock Foundation — Momentum program,54660,2026-07-21,Sales Pipeline,Closed Lost,copperfieldeducationgroup.com,Momentum,Organizational Design,Event / conference,,Communication style,,,,
Vantage Care Group — Momentum program,36440,2025-03-12,Sales Pipeline,Closed Lost,tanglewooddigital.com,Momentum,Performance Consulting,Event / conference,,Learning platform gap,,,,
Sable Manufacturing — Momentum program,54660,2025-12-30,Sales Pipeline,Closed Lost,quillworks.com,Momentum,Organizational Design,Event / conference,,Learning platform gap,,,,
Carrow Digital — Core program,38160,2026-06-05,Sales Pipeline,Closed Lost,verdantmanufacturing.com,Core,Organizational Design,Website — organic,,Client paused decision,,,,
Lyndhurst Care Group — Summit program,26815,2026-08-08,Sales Pipeline,Closed Lost,merrowmanufacturing.com,Summit,Succession Planning,Inbound enquiry,,Rate,,,,
Upton Partners — Summit program,26815,2025-05-11,Sales Pipeline,Closed Lost,hartleywealthpartners.com,Summit,Succession Planning,Referral,,Specialty experience,,,,
Thatcham Partners — Summit program,80445,2026-10-06,Sales Pipeline,Closed Lost,lyndhurstcaregroup.com,Summit,Team Effectiveness,Outbound,,Specialty experience,,,,
Granton Digital — Core program,25440,2026-01-03,Sales Pipeline,Closed Lost,vantagehealth.com,Core,Organizational Design,Inbound enquiry,,Client paused decision,,,,
Quarry Software — Momentum program,18220,2025-10-01,Sales Pipeline,Closed Lost,pembertonadvisory.com,Momentum,Organizational Design,LinkedIn,,Client paused decision,,,,
Cardinal Capital — Momentum program,54660,2025-06-02,Sales Pipeline,Closed Lost,redwynsoftware.com,Momentum,Team Effectiveness,LinkedIn,,Coverage hours mismatch,,,,
Ridgeline Consulting — Momentum program,54660,2026-09-28,Sales Pipeline,Closed Lost,orchardworks.com,Momentum,Change Management,Outbound,,Learning platform gap,,,,
Vestry Wealth Partners — Momentum program,36440,2025-07-05,Sales Pipeline,Closed Lost,elmridgeworks.com,Momentum,Team Effectiveness,Referral,,Coverage hours mismatch,,,,
Quill Alliance — Core program,12720,2026-01-03,Sales Pipeline,Closed Lost,grantondigital.com,Core,Leadership Development,Referral,,Communication style,,,,
Fairhaven Health — Core program,38160,2026-06-13,Sales Pipeline,Closed Lost,quarrysoftware.com,Core,Change Management,Event / conference,,Coverage hours mismatch,,,,
Newbold Manufacturing — Summit program,26815,2026-03-26,Sales Pipeline,Closed Lost,copperfieldwealthpartners.com,Summit,Organizational Design,Event / conference,,Learning platform gap,,,,
Blackstone Wealth Partners — Core program,12720,2025-08-11,Sales Pipeline,Closed Lost,thatchampartners.com,Core,Team Effectiveness,Inbound enquiry,,Coverage hours mismatch,,,,
Quill Works — Summit program,26815,2026-07-04,Sales Pipeline,Closed Lost,underhillindustries.com,Summit,Team Effectiveness,Event / conference,,Specialty experience,,,,
Copperfield Wealth Partners — Core program,25440,2026-05-26,Sales Pipeline,Closed Lost,sableadvisory.com,Core,Team Effectiveness,Outbound,,Specialty experience,,,,
Vantage Health — Momentum program,18220,2026-09-16,Sales Pipeline,Closed Lost,tanglewoodlearning.com,Momentum,Culture & Engagement,Outbound,,Learning platform gap,,,,
Sable Advisory — Core program,38160,2025-12-25,Sales Pipeline,Closed Lost,uptonpartners.com,Core,Team Effectiveness,Outbound,,Specialty experience,,,,
Redwyn Software — Momentum program,18220,2025-10-11,Sales Pipeline,Closed Lost,meridianhealth.com,Momentum,Culture & Engagement,Inbound enquiry,,Communication style,,,,
Norbury Group — Summit program,53630,2025-07-04,Sales Pipeline,Closed Lost,carrowcontracting.com,Summit,Organizational Design,Website — organic,,Rate,,,,
Meridian Health — Summit program,80445,2025-10-04,Sales Pipeline,Closed Lost,copperfieldacademy.com,Summit,Performance Consulting,Referral,,Client paused decision,,,,
Ironwood Health — Core program,12720,2026-05-18,Sales Pipeline,Closed Lost,underhilldigital.com,Core,Change Management,LinkedIn,,Specialty experience,,,,
Kingsford Supply Co — Momentum program,18220,2026-01-26,Sales Pipeline,Closed Lost,cobaltretailgroup.com,Momentum,Leadership Development,Website — organic,,Specialty experience,,,,
Granton Retail Group — Summit program,26815,2026-06-06,Sales Pipeline,Closed Lost,blackstoneadvisory.com,Summit,Change Management,Outbound,,Specialty experience,,,,
Tanglewood Learning — Summit program,53630,2026-07-25,Sales Pipeline,Closed Lost,norburymanufacturing.com,Summit,Leadership Development,LinkedIn,,Communication style,,,,
Copperfield Academy — Core program,12720,2026-08-12,Sales Pipeline,Closed Lost,harrowgatecontracting.com,Core,Team Effectiveness,Event / conference,,Rate,,,,
Orchard Care Group — Core program,12720,2025-11-25,Sales Pipeline,Closed Lost,norburygroup.com,Core,Succession Planning,Outbound,,Coverage hours mismatch,,,,
Carrow Contracting — Core program,25440,2025-12-30,Sales Pipeline,Closed Lost,sablesoftware.com,Core,Succession Planning,Event / conference,,Client paused decision,,,,
Norbury Goods — Summit program,26815,2026-08-30,Sales Pipeline,Closed Lost,orchardcaregroup.com,Summit,Executive Coaching,Inbound enquiry,,Communication style,,,,
Granton Advisory — Core program,38160,2026-10-25,Sales Pipeline,Closed Lost,vestrywealthpartners.com,Core,Organizational Design,Website — organic,,Communication style,,,,
Winsley Advisory — Momentum program,54660,2025-05-06,Sales Pipeline,Closed Won,tanglewoodlearning.com,Momentum,Change Management,Referral,33,,,,,
Vestry Wealth Partners — Momentum program,18220,2025-07-01,Sales Pipeline,Closed Won,winsleyalliance.com,Momentum,Executive Coaching,Event / conference,9,,,,,
Alder Construction — Core program,21624,2026-07-11,Sales Pipeline,Closed Won,wayfinderlearning.com,Core,Change Management,Event / conference,10,,,,,
Carrow Contracting — Momentum program,17309,2025-06-21,Sales Pipeline,Closed Won,foxglovebuilders.com,Momentum,Change Management,Referral,10,,,,,
Beacon Works — Momentum program,34618,2025-10-24,Sales Pipeline,Closed Won,chesneysystems.com,Momentum,Performance Consulting,Inbound enquiry,14,,,,,
Copperfield Capital — Core program,25440,2025-04-21,Sales Pipeline,Closed Won,sorrelmedicalgroup.com,Core,Change Management,Event / conference,10,,,,,
Pemberton Advisory — Momentum program,54660,2025-06-14,Sales Pipeline,Closed Won,uptontechnologies.com,Momentum,Team Effectiveness,Outbound,33,,,,,
Norbury Works — Core program,25440,2025-06-28,Sales Pipeline,Closed Won,valeadvisory.com,Core,Organizational Design,Outbound,18,,,,,
Tanglewood Digital — Momentum program,18220,2025-06-22,Sales Pipeline,Closed Won,cobaltretailgroup.com,Momentum,Succession Planning,Inbound enquiry,5,,,,,
Winsley Brands — Core program,25440,2025-02-28,Sales Pipeline,Closed Won,blackstonewealthpartners.com,Core,Organizational Design,Inbound enquiry,16,,,,,
Stonebridge Systems — Momentum program,18220,2026-03-07,Sales Pipeline,Closed Won,keswickadvisory.com,Momentum,Performance Consulting,Event / conference,7,,,,,
Foxglove Builders — Summit program,68378.25,2026-03-20,Sales Pipeline,Closed Won,fairhavenlogistics.com,Summit,Change Management,Referral,27,,,,,
Ivywell Technologies — Core program,12720,2026-06-14,Sales Pipeline,Closed Won,copperfieldpartners.com,Core,Executive Coaching,Website — organic,11,,,,,
Meridian Medical Group — Core program,12084,2025-03-01,Sales Pipeline,Closed Won,beaconworks.com,Core,Executive Coaching,Website — organic,10,,,,,
Norbury Technologies — Core program,12720,2024-12-06,Sales Pipeline,Closed Won,tanglewooddigital.com,Core,Change Management,Event / conference,7,,,,,
Fairhaven Logistics — Core program,34344,2026-06-22,Sales Pipeline,Closed Won,pembertonadvisory.com,Core,Culture & Engagement,Outbound,12,,,,,
Upton Consulting — Core program,10812,2025-05-21,Sales Pipeline,Closed Won,winsleyadvisory.com,Core,Culture & Engagement,Website — organic,5,,,,,
Redwyn Advisory — Momentum program,17309,2026-03-11,Sales Pipeline,Closed Won,vestrywealthpartners.com,Momentum,Performance Consulting,Event / conference,6,,,,,
Upton Technologies — Core program,32436,2025-01-04,Sales Pipeline,Closed Won,merrowhealth.com,Core,Change Management,Outbound,15,,,,,
Draperfield Assurance — Core program,38160,2026-03-02,Sales Pipeline,Closed Won,draycottcaregroup.com,Core,Performance Consulting,Outbound,33,,,,,
Tanglewood Medical Group — Momentum program,17309,2025-01-13,Sales Pipeline,Closed Won,copperfieldcapital.com,Momentum,Team Effectiveness,Website — organic,9,,,,,
Whitlock Foundation — Core program,24168,2025-10-21,Sales Pipeline,Closed Won,dunmoreindustries.com,Core,Organizational Design,Event / conference,18,,,,,
Meridian Health — Momentum program,36440,2025-09-20,Sales Pipeline,Closed Won,uptondigital.com,Momentum,Change Management,Outbound,12,,,,,
Bright Harbor Academy — Momentum program,51927,2025-07-26,Sales Pipeline,Closed Won,hartleywealthpartners.com,Momentum,Organizational Design,Referral,30,,,,,
Ridgeline Care Group — Momentum program,16398,2026-04-17,Sales Pipeline,Closed Won,meridianhealth.com,Momentum,Performance Consulting,Event / conference,11,,,,,
Yarrow Partners — Momentum program,34618,2025-04-15,Sales Pipeline,Closed Won,hartleycaregroup.com,Momentum,Team Effectiveness,Event / conference,14,,,,,
Hallmark Software — Core program,38160,2024-12-23,Sales Pipeline,Closed Won,whitlockfoundation.com,Core,Succession Planning,Website — organic,33,,,,,
Underhill Partners — Core program,12720,2026-06-29,Sales Pipeline,Closed Won,grantondigital.com,Core,Team Effectiveness,Referral,6,,,,,
Dunmore Industries — Momentum program,36440,2026-07-19,Sales Pipeline,Closed Won,winsleybrands.com,Momentum,Change Management,Referral,18,,,,,
Hartley Care Group — Core program,38160,2026-01-06,Sales Pipeline,Closed Won,fairhavenlearning.com,Core,Culture & Engagement,Outbound,21,,,,,
Ironwood Financial — Momentum program,54660,2025-09-09,Sales Pipeline,Closed Won,valegoods.com,Momentum,Executive Coaching,Referral,18,,,,,
Tanglewood Learning — Momentum program,18220,2025-09-27,Sales Pipeline,Closed Won,orchardindustries.com,Momentum,Executive Coaching,Website — organic,11,,,,,
Sorrel Medical Group — Momentum program,18220,2025-02-26,Sales Pipeline,Closed Won,stonebridgesystems.com,Momentum,Executive Coaching,Website — organic,7,,,,,
Oakfield Freight — Momentum program,18220,2025-06-29,Sales Pipeline,Closed Won,quarryhealth.com,Momentum,Leadership Development,Website — organic,7,,,,,
Hartley Wealth Partners — Summit program,26815,2025-08-20,Sales Pipeline,Closed Won,yarrowpartners.com,Summit,Culture & Engagement,Event / conference,10,,,,,
Keswick Advisory — Momentum program,30974,2025-10-31,Sales Pipeline,Closed Won,carrowcontracting.com,Momentum,Leadership Development,Outbound,8,,,,,
Copperfield Financial — Core program,12720,2025-12-09,Sales Pipeline,Closed Won,ironwoodfinancial.com,Core,Leadership Development,Inbound enquiry,8,,,,,
Fairhaven Learning — Core program,10812,2025-03-19,Sales Pipeline,Closed Won,kingsfordadvisory.com,Core,Executive Coaching,Outbound,4,,,,,
Fairhaven Health — Momentum program,49194,2026-02-24,Sales Pipeline,Closed Won,underhillpartners.com,Momentum,Leadership Development,Inbound enquiry,21,,,,,
Kingsford Advisory — Momentum program,30974,2026-02-03,Sales Pipeline,Closed Won,ivywelltechnologies.com,Momentum,Leadership Development,Outbound,8,,,,,
Draycott Care Group — Momentum program,18220,2026-01-09,Sales Pipeline,Closed Won,norburyworks.com,Momentum,Executive Coaching,Website — organic,7,,,,,
Quarry Health — Core program,25440,2026-07-06,Sales Pipeline,Closed Won,uptonpartners.com,Core,Succession Planning,Inbound enquiry,12,,,,,
Upton Digital — Momentum program,54660,2025-01-07,Sales Pipeline,Closed Won,winsleyretailgroup.com,Momentum,Performance Consulting,Event / conference,15,,,,,
Yarrow Software — Momentum program,18220,2025-05-30,Sales Pipeline,Closed Won,quillalliance.com,Momentum,Executive Coaching,Outbound,6,,,,,
Linden Capital — Momentum program,54660,2025-04-26,Sales Pipeline,Closed Won,northwindgroup.com,Momentum,Succession Planning,Event / conference,18,,,,,
Everton Logistics — Momentum program,36440,2025-08-28,Sales Pipeline,Closed Won,merrowconsulting.com,Momentum,Team Effectiveness,Event / conference,10,,,,,
Norbury Advisory — Momentum program,36440,2026-06-12,Sales Pipeline,Closed Won,ridgelinecaregroup.com,Momentum,Succession Planning,Event / conference,18,,,,,
Vale Goods — Momentum program,51927,2025-04-28,Sales Pipeline,Closed Won,tanglewoodmedicalgroup.com,Momentum,Performance Consulting,Inbound enquiry,18,,,,,
Winsley Retail Group — Core program,38160,2026-06-14,Sales Pipeline,Closed Won,lyndhurstcaregroup.com,Core,Succession Planning,Website — organic,15,,,,,
Winsley Alliance — Core program,25440,2025-06-10,Sales Pipeline,Closed Won,oakfieldfreight.com,Core,Performance Consulting,Referral,8,,,,,
Rothwell Technologies — Momentum program,54660,2026-05-22,Sales Pipeline,Closed Won,brightharboracademy.com,Momentum,Succession Planning,Inbound enquiry,21,,,,,
Chesney Systems — Momentum program,15487,2025-05-06,Sales Pipeline,Closed Won,norburytechnologies.com,Momentum,Culture & Engagement,Outbound,9,,,,,
Merrow Health — Core program,22896,2026-04-15,Sales Pipeline,Closed Won,draperfieldassurance.com,Core,Succession Planning,Inbound enquiry,8,,,,,
Vale Advisory — Core program,25440,2025-12-26,Sales Pipeline,Closed Won,hallmarksoftware.com,Core,Executive Coaching,Event / conference,20,,,,,
Northwind Group — Momentum program,36440,2026-05-26,Sales Pipeline,Closed Won,ironwoodhealth.com,Momentum,Organizational Design,Outbound,16,,,,,
Quarry Academy — Momentum program,49194,2026-06-10,Sales Pipeline,Closed Won,quillworks.com,Momentum,Team Effectiveness,Referral,27,,,,,
Merrow Consulting — Momentum program,36440,2026-05-23,Sales Pipeline,Closed Won,quarryacademy.com,Momentum,Succession Planning,Referral,12,,,,,
Granton Digital — Momentum program,18220,2026-06-13,Sales Pipeline,Closed Won,yarrowcapital.com,Momentum,Organizational Design,Event / conference,9,,,,,
Blackstone Wealth Partners — Momentum program,30974,2025-10-29,Sales Pipeline,Closed Won,yarrowsoftware.com,Momentum,Culture & Engagement,Website — organic,10,,,,,
Yarrow Capital — Core program,32436,2026-05-06,Sales Pipeline,Closed Won,fairhavenhealth.com,Core,Succession Planning,Outbound,15,,,,,
Copperfield Partners — Momentum program,18220,2025-01-23,Sales Pipeline,Closed Won,vestrysoftware.com,Momentum,Leadership Development,Referral,8,,,,,
Upton Partners — Core program,38160,2025-02-08,Sales Pipeline,Closed Won,meridianmedicalgroup.com,Core,Change Management,Inbound enquiry,27,,,,,
Newbold Consulting — Momentum program,18220,2025-04-17,Sales Pipeline,Closed Won,norburyadvisory.com,Momentum,Culture & Engagement,Inbound enquiry,11,,,,,
Vestry Software — Momentum program,54660,2025-03-16,Sales Pipeline,Closed Won,redwynadvisory.com,Momentum,Performance Consulting,Inbound enquiry,33,,,,,
Quill Works — Momentum program,36440,2025-10-01,Sales Pipeline,Closed Won,rothwelltechnologies.com,Momentum,Succession Planning,Outbound,18,,,,,
Wayfinder Learning — Summit program,80445,2026-06-27,Sales Pipeline,Closed Won,evertonlogistics.com,Summit,Leadership Development,Referral,33,,,,,
Quill Alliance — Core program,25440,2024-12-10,Sales Pipeline,Closed Won,uptonconsulting.com,Core,Performance Consulting,Inbound enquiry,16,,,,,
Cobalt Retail Group — Core program,12720,2025-11-17,Sales Pipeline,Closed Won,redwynsoftware.com,Core,Team Effectiveness,Outbound,6,,,,,
Ironwood Health — Momentum program,34618,2024-12-23,Sales Pipeline,Closed Won,alderconstruction.com,Momentum,Performance Consulting,Event / conference,12,,,,,
Lyndhurst Care Group — Momentum program,30974,2026-04-01,Sales Pipeline,Closed Won,lindencapital.com,Momentum,Leadership Development,Inbound enquiry,14,,,,,
Redwyn Software — Summit program,45585.5,2025-05-12,Sales Pipeline,Closed Won,newboldconsulting.com,Summit,Executive Coaching,Outbound,12,,,,,
Orchard Industries — Momentum program,18220,2025-02-17,Sales Pipeline,Closed Won,copperfieldfinancial.com,Momentum,Succession Planning,Inbound enquiry,4,,,,,
