File Name,Extension,Size (bytes),Access,Created
SOW-Quill-Digital-322216,pdf,4000,PRIVATE,2026-08-15
SOW-Underhill-Labs-323226,pdf,4011,PRIVATE,2026-08-15
SOW-Lattice-Technologies-323242,pdf,4003,PRIVATE,2026-08-15
SOW-Vantage-Health-786630,pdf,4007,PRIVATE,2026-08-15
SOW-Kestrel-Software-323244,pdf,3992,PRIVATE,2026-08-15
SOW-Sable-Supply-Co-786645,pdf,3985,PRIVATE,2026-08-15
SOW-Kestrel-Retail-Group-51-549679,pdf,4011,PRIVATE,2026-08-15
SOW-Vestry-Consulting-550650,pdf,4007,PRIVATE,2026-08-15
SOW-Trellis-Foundation-550666,pdf,4003,PRIVATE,2026-08-15
SOW-Trellis-Freight-550684,pdf,4007,PRIVATE,2026-08-15
SOW-Blackstone-Industries-551674,pdf,3995,PRIVATE,2026-08-15
SOW-Ashgrove-Goods-633982,pdf,3999,PRIVATE,2026-08-15
SOW-Ivywell-Care-Group-633991,pdf,4007,PRIVATE,2026-08-15
SOW-Hallmark-Industries-633998,pdf,4018,PRIVATE,2026-08-15
SOW-Linden-Labs-634024,pdf,3986,PRIVATE,2026-08-15
SOW-Elmridge-Works-785613,pdf,4015,PRIVATE,2026-08-15
SOW-Northwind-Medical-Group-785628,pdf,4023,PRIVATE,2026-08-15
Engagement-Review-061845,pdf,3242,PRIVATE,2026-08-15
Engagement-Review-062860,pdf,3227,PRIVATE,2026-08-15
Engagement-Review-062872,pdf,3252,PRIVATE,2026-08-15
Engagement-Review-786726,pdf,3238,PRIVATE,2026-08-15
Engagement-Review-786734,pdf,3219,PRIVATE,2026-08-15
Engagement-Review-787706,pdf,3246,PRIVATE,2026-08-15
Profile-Nora-Nakamura,pdf,2845,PRIVATE,2026-08-15
Profile-Sana-Patel,pdf,2837,PRIVATE,2026-08-15
Profile-Anders-Achebe,pdf,2841,PRIVATE,2026-08-15
Profile-Pedro-Weiss,pdf,2834,PRIVATE,2026-08-15
Profile-Rania-Mensah,pdf,2842,PRIVATE,2026-08-15
Profile-Boris-Ferreira,pdf,2829,PRIVATE,2026-08-15
Profile-Lucia-Raghunathan,pdf,2839,PRIVATE,2026-08-15
Profile-Pavel-Fischer,pdf,2832,PRIVATE,2026-08-15
Profile-Salma-Ellery,pdf,2826,PRIVATE,2026-08-15
Profile-Thandi-Fischer,pdf,2831,PRIVATE,2026-08-15
Profile-Sofia-Zhang,pdf,2831,PRIVATE,2026-08-15
Profile-Caleb-Duarte,pdf,2852,PRIVATE,2026-08-15
Profile-Rosa-Nyong,pdf,2831,PRIVATE,2026-08-15
Profile-Kai-Yilmaz,pdf,2839,PRIVATE,2026-08-15
Profile-Rosa-Nasser,pdf,2826,PRIVATE,2026-08-15
Profile-Marta-Whitfield,pdf,2833,PRIVATE,2026-08-15
Profile-Fatima-Osei,pdf,2841,PRIVATE,2026-08-15
Profile-Elena-Iqbal,pdf,2844,PRIVATE,2026-08-15
Profile-Joon-Achebe,pdf,2841,PRIVATE,2026-08-15
Profile-Mei-Eriksen,pdf,2830,PRIVATE,2026-08-15
Profile-Aisha-Lindgren,pdf,2831,PRIVATE,2026-08-15
Compliance-Andres-Baptiste,pdf,2654,PRIVATE,2026-08-15
Compliance-Noemi-Zhang,pdf,2646,PRIVATE,2026-08-15
Compliance-Nora-Nakamura,pdf,2650,PRIVATE,2026-08-15
Compliance-Anders-Achebe,pdf,2652,PRIVATE,2026-08-15
Compliance-Rosa-Ellery,pdf,2650,PRIVATE,2026-08-15
Compliance-Pedro-Weiss,pdf,2650,PRIVATE,2026-08-15
Compliance-Alba-Obi,pdf,2647,PRIVATE,2026-08-15
Compliance-Rania-Torres,pdf,2649,PRIVATE,2026-08-15
Compliance-Lucia-Raghunathan,pdf,2656,PRIVATE,2026-08-15
Compliance-Boris-Ferreira,pdf,2649,PRIVATE,2026-08-15
Compliance-Salma-Ellery,pdf,2647,PRIVATE,2026-08-15
Compliance-Elsa-Nasser,pdf,2650,PRIVATE,2026-08-15
SOW-Orchard-Group-785642,pdf,3978,PRIVATE,2026-08-15
SOW-Sorrel-Care-Group-785650,pdf,4019,PRIVATE,2026-08-15
SOW-Granton-Medical-Group-631930,pdf,3995,PRIVATE,2026-08-15
SOW-Blackstone-Brands-631952,pdf,4008,PRIVATE,2026-08-15
SOW-Inglewood-Systems-631987,pdf,4013,PRIVATE,2026-08-15
SOW-Keswick-Initiative-632958,pdf,4004,PRIVATE,2026-08-15
SOW-Chesney-Care-Group-61-629893,pdf,4029,PRIVATE,2026-08-15
SOW-Inglewood-Industries-629895,pdf,3993,PRIVATE,2026-08-15
SOW-Bramble-Manufacturing-629927,pdf,3995,PRIVATE,2026-08-15
SOW-Ivywell-Alliance-629940,pdf,3987,PRIVATE,2026-08-15
SOW-Norbury-Medical-Group-5-630922,pdf,4028,PRIVATE,2026-08-15
SOW-Wexford-Advisory-630923,pdf,3997,PRIVATE,2026-08-15
SOW-Larkspur-Brands-630953,pdf,4017,PRIVATE,2026-08-15
SOW-Linden-Works-630959,pdf,3985,PRIVATE,2026-08-15
SOW-Vestry-Partners-630965,pdf,4018,PRIVATE,2026-08-15
SOW-Underhill-Retail-Group-657885,pdf,4029,PRIVATE,2026-08-15
SOW-Brookline-Works-657908,pdf,4018,PRIVATE,2026-08-15
Profile-Tomas-Diallo,pdf,2844,PRIVATE,2026-08-15
Profile-Rosa-Aguilar,pdf,2837,PRIVATE,2026-08-15
Profile-Wren-Mwangi,pdf,2825,PRIVATE,2026-08-15
Profile-Nora-Patel,pdf,2837,PRIVATE,2026-08-15
Profile-Oskar-Bianchi,pdf,2834,PRIVATE,2026-08-15
Profile-Ada-Raghunathan,pdf,2848,PRIVATE,2026-08-15
Profile-Bella-Chen,pdf,2838,PRIVATE,2026-08-15
Profile-Arun-Torres,pdf,2831,PRIVATE,2026-08-15
Profile-Bella-Baptiste,pdf,2836,PRIVATE,2026-08-15
Profile-Tariq-Ellery,pdf,2840,PRIVATE,2026-08-15
Profile-Joon-Ferreira,pdf,2828,PRIVATE,2026-08-15
Profile-Boris-Ndiaye,pdf,2838,PRIVATE,2026-08-15
Profile-Freya-Andersen,pdf,2833,PRIVATE,2026-08-15
Profile-Diego-Lindqvist,pdf,2836,PRIVATE,2026-08-15
Profile-Dana-Mensah,pdf,2827,PRIVATE,2026-08-15
Profile-Marisol-Rossi,pdf,2843,PRIVATE,2026-08-15
Profile-Anja-Nakamura,pdf,2843,PRIVATE,2026-08-15
Profile-Rohan-Adeyemi,pdf,2832,PRIVATE,2026-08-15
Profile-Emeka-Rossi,pdf,2856,PRIVATE,2026-08-15
Profile-Thandi-Mahmood,pdf,2839,PRIVATE,2026-08-15
Compliance-Sven-Novotny,pdf,2651,PRIVATE,2026-08-15
Compliance-Noemi-Duarte,pdf,2647,PRIVATE,2026-08-15
Compliance-Yara-Adebayo,pdf,2651,PRIVATE,2026-08-15
Compliance-Wren-Mwangi,pdf,2648,PRIVATE,2026-08-15
SOW-Bright-Harbor-Advisory-551687,pdf,4015,PRIVATE,2026-08-15
SOW-Wayfinder-Freight-551688,pdf,3997,PRIVATE,2026-08-15
SOW-Sorrel-Health-322194,pdf,3982,PRIVATE,2026-08-15
SOW-Foxglove-Technologies-322212,pdf,4000,PRIVATE,2026-08-15
SOW-Vestry-Contracting-322210,pdf,3999,PRIVATE,2026-08-15
SOW-Elmridge-Group-322195,pdf,4011,PRIVATE,2026-08-15
SOW-Orchard-Alliance-322232,pdf,4020,PRIVATE,2026-08-15
SOW-Yarrow-Digital-323205,pdf,4017,PRIVATE,2026-08-15
SOW-Merrow-Care-Group-323216,pdf,4021,PRIVATE,2026-08-15
SOW-Chesney-Works-323217,pdf,4002,PRIVATE,2026-08-15
SOW-Marlowe-Supply-Co-786633,pdf,4007,PRIVATE,2026-08-15
SOW-Meridian-Advisory-786634,pdf,3993,PRIVATE,2026-08-15
SOW-Blackstone-Advisory-786648,pdf,4012,PRIVATE,2026-08-15
SOW-Beacon-Freight-549681,pdf,4015,PRIVATE,2026-08-15
SOW-Whitlock-Digital-550668,pdf,4023,PRIVATE,2026-08-15
SOW-Elmridge-Retail-Group-550652,pdf,4020,PRIVATE,2026-08-15
SOW-Whitlock-Works-9-550676,pdf,4018,PRIVATE,2026-08-15
SOW-Aldridge-Initiative-550685,pdf,4014,PRIVATE,2026-08-15
SOW-Oakfield-Group-91-550686,pdf,4002,PRIVATE,2026-08-15
SOW-Sorrel-Care-Group-55-550706,pdf,4017,PRIVATE,2026-08-15
SOW-Kestrel-Goods-633009,pdf,3991,PRIVATE,2026-08-15
SOW-Fairhaven-Manufacturing-633014,pdf,4011,PRIVATE,2026-08-15
SOW-Underhill-Digital-633016,pdf,4019,PRIVATE,2026-08-15
SOW-Kestrel-Advisory-633017,pdf,3987,PRIVATE,2026-08-15
SOW-Copperfield-Brands-633983,pdf,3987,PRIVATE,2026-08-15
SOW-Northwind-Foundation-634005,pdf,4021,PRIVATE,2026-08-15
SOW-Whitlock-Logistics-634002,pdf,3995,PRIVATE,2026-08-15
SOW-Harrowgate-Contracting-634015,pdf,4010,PRIVATE,2026-08-15
SOW-Harrowgate-Financial-634027,pdf,3999,PRIVATE,2026-08-15
SOW-Rothwell-Brands-785600,pdf,3995,PRIVATE,2026-08-15
SOW-Dunmore-Supply-Co-785603,pdf,4022,PRIVATE,2026-08-15
SOW-Vantage-Medical-Group-785620,pdf,4030,PRIVATE,2026-08-15
SOW-Granton-Retail-Group-785624,pdf,3992,PRIVATE,2026-08-15
Engagement-Review-062883,pdf,3220,PRIVATE,2026-08-15
Engagement-Review-986868,pdf,3226,PRIVATE,2026-08-15
Engagement-Review-987873,pdf,3235,PRIVATE,2026-08-15
Engagement-Review-987883,pdf,3230,PRIVATE,2026-08-15
Engagement-Review-987893,pdf,3239,PRIVATE,2026-08-15
Engagement-Review-988858,pdf,3231,PRIVATE,2026-08-15
Engagement-Review-988862,pdf,3227,PRIVATE,2026-08-15
Engagement-Review-786712,pdf,3239,PRIVATE,2026-08-15
Engagement-Review-786739,pdf,3242,PRIVATE,2026-08-15
Engagement-Review-787740,pdf,3234,PRIVATE,2026-08-15
Engagement-Review-787759,pdf,3232,PRIVATE,2026-08-15
Engagement-Review-081908,pdf,3236,PRIVATE,2026-08-15
Engagement-Review-082918,pdf,3225,PRIVATE,2026-08-15
Engagement-Review-323251,pdf,3239,PRIVATE,2026-08-15
Engagement-Review-325269,pdf,3232,PRIVATE,2026-08-15
Engagement-Review-324227,pdf,3233,PRIVATE,2026-08-15
Profile-Andres-Baptiste,pdf,2851,PRIVATE,2026-08-15
Profile-Noemi-Ferreira,pdf,2848,PRIVATE,2026-08-15
Profile-Idris-Jansen,pdf,2844,PRIVATE,2026-08-15
Profile-Marta-Diallo,pdf,2834,PRIVATE,2026-08-15
Profile-Ravi-Ellery,pdf,2830,PRIVATE,2026-08-15
Profile-Rosa-Ellery,pdf,2847,PRIVATE,2026-08-15
Profile-Caleb-Yilmaz,pdf,2839,PRIVATE,2026-08-15
Profile-Greta-Rossi,pdf,2837,PRIVATE,2026-08-15
Profile-Alba-Obi,pdf,2827,PRIVATE,2026-08-15
Profile-Rania-Torres,pdf,2824,PRIVATE,2026-08-15
Profile-Rina-Novotny,pdf,2836,PRIVATE,2026-08-15
Profile-Viktor-Obi,pdf,2838,PRIVATE,2026-08-15
Profile-Tomas-Raghunathan,pdf,2853,PRIVATE,2026-08-15
Profile-Ada-Sandoval,pdf,2826,PRIVATE,2026-08-15
Profile-Elsa-Nasser,pdf,2827,PRIVATE,2026-08-15
Profile-Divya-Silva,pdf,2828,PRIVATE,2026-08-15
Profile-Fatima-Lindqvist,pdf,2833,PRIVATE,2026-08-15
Profile-Lian-Aguilar,pdf,2823,PRIVATE,2026-08-15
Profile-Oskar-Kovacs,pdf,2823,PRIVATE,2026-08-15
Profile-Yuki-Mahmood,pdf,2824,PRIVATE,2026-08-15
Profile-Arun-Farah,pdf,2836,PRIVATE,2026-08-15
Profile-Caleb-Adebayo,pdf,2837,PRIVATE,2026-08-15
Profile-Leila-Farah,pdf,2838,PRIVATE,2026-08-15
Profile-Ada-Novotny,pdf,2838,PRIVATE,2026-08-15
Profile-Nikhil-Malek,pdf,2833,PRIVATE,2026-08-15
Profile-Fatima-Novak,pdf,2845,PRIVATE,2026-08-15
Profile-Layla-Tanaka,pdf,2847,PRIVATE,2026-08-15
Profile-Nasir-Aguilar,pdf,2824,PRIVATE,2026-08-15
Profile-Mikkel-Balogun,pdf,2835,PRIVATE,2026-08-15
Compliance-Hugo-Obi,pdf,2647,PRIVATE,2026-08-15
Compliance-Noemi-Ferreira,pdf,2653,PRIVATE,2026-08-15
Compliance-Idris-Jansen,pdf,2649,PRIVATE,2026-08-15
Compliance-Marta-Diallo,pdf,2651,PRIVATE,2026-08-15
Compliance-Sana-Patel,pdf,2649,PRIVATE,2026-08-15
Compliance-Ravi-Ellery,pdf,2646,PRIVATE,2026-08-15
Compliance-Caleb-Yilmaz,pdf,2651,PRIVATE,2026-08-15
Compliance-Greta-Rossi,pdf,2648,PRIVATE,2026-08-15
Compliance-Rania-Mensah,pdf,2651,PRIVATE,2026-08-15
Compliance-Rina-Novotny,pdf,2651,PRIVATE,2026-08-15
Compliance-Viktor-Obi,pdf,2649,PRIVATE,2026-08-15
Compliance-Pavel-Fischer,pdf,2648,PRIVATE,2026-08-15
Compliance-Thandi-Fischer,pdf,2649,PRIVATE,2026-08-15
SOW-Dunmore-Goods-785629,pdf,3991,PRIVATE,2026-08-15
SOW-Ivywell-Brands-785640,pdf,4004,PRIVATE,2026-08-15
SOW-Orchard-Contracting-785643,pdf,3990,PRIVATE,2026-08-15
SOW-Chesney-Brands-785657,pdf,3979,PRIVATE,2026-08-15
SOW-Carrow-Foundation-631931,pdf,3998,PRIVATE,2026-08-15
SOW-Oakfield-Foundation-631946,pdf,4013,PRIVATE,2026-08-15
SOW-Orchard-Manufacturing-631940,pdf,3998,PRIVATE,2026-08-15
SOW-Hartley-Brands-631953,pdf,4002,PRIVATE,2026-08-15
SOW-Harrowgate-Logistics-18-631962,pdf,4019,PRIVATE,2026-08-15
SOW-Foxglove-Wealth-Partners-631964,pdf,4032,PRIVATE,2026-08-15
SOW-Larkspur-Education-Group-631972,pdf,4010,PRIVATE,2026-08-15
SOW-Ashgrove-Manufacturing-631979,pdf,4003,PRIVATE,2026-08-15
SOW-Blackstone-Construction-632987,pdf,4036,PRIVATE,2026-08-15
SOW-Jarrow-Logistics-633008,pdf,3995,PRIVATE,2026-08-15
SOW-Trellis-Initiative-631989,pdf,4020,PRIVATE,2026-08-15
SOW-Upton-Wealth-Partners-631991,pdf,4006,PRIVATE,2026-08-15
SOW-Blackstone-Financial-629897,pdf,4002,PRIVATE,2026-08-15
SOW-Pinehill-Medical-Group-629909,pdf,4033,PRIVATE,2026-08-15
SOW-Lyndhurst-Advisory-60-629911,pdf,4019,PRIVATE,2026-08-15
SOW-Elmridge-Care-Group-629915,pdf,4000,PRIVATE,2026-08-15
SOW-Aster-Industries-629920,pdf,3995,PRIVATE,2026-08-15
SOW-Cobalt-Industries-78-629926,pdf,3993,PRIVATE,2026-08-15
SOW-Tilbury-Learning-629928,pdf,4018,PRIVATE,2026-08-15
SOW-Sable-Software-629932,pdf,3992,PRIVATE,2026-08-15
SOW-Carrow-Logistics-629939,pdf,3990,PRIVATE,2026-08-15
SOW-Merrow-Foundation-629944,pdf,4019,PRIVATE,2026-08-15
SOW-Newbold-Academy-630924,pdf,4017,PRIVATE,2026-08-15
SOW-Copperfield-Education-Group-630939,pdf,4039,PRIVATE,2026-08-15
SOW-Tilbury-Alliance-630949,pdf,4014,PRIVATE,2026-08-15
SOW-Tanglewood-Foundation-630964,pdf,4020,PRIVATE,2026-08-15
SOW-Vale-Brands-657861,pdf,3986,PRIVATE,2026-08-15
SOW-Merrow-Technologies-657879,pdf,4012,PRIVATE,2026-08-15
SOW-Upton-Financial-657888,pdf,4019,PRIVATE,2026-08-15
Profile-Nasir-Jansen,pdf,2825,PRIVATE,2026-08-15
Profile-Rina-Tanaka,pdf,2830,PRIVATE,2026-08-15
Profile-Yara-Adebayo,pdf,2842,PRIVATE,2026-08-15
Profile-Chidi-Vasquez,pdf,2845,PRIVATE,2026-08-15
Profile-Mateo-Farah,pdf,2832,PRIVATE,2026-08-15
Profile-Bilal-Ndiaye,pdf,2831,PRIVATE,2026-08-15
Profile-Sana-Banda,pdf,2833,PRIVATE,2026-08-15
Profile-Bilal-Rahman,pdf,2839,PRIVATE,2026-08-15
Profile-Aisha-Sorensen,pdf,2849,PRIVATE,2026-08-15
Profile-Hana-Aguilar,pdf,2848,PRIVATE,2026-08-15
Profile-Marta-Sharma,pdf,2831,PRIVATE,2026-08-15
Profile-Kenji-Achebe,pdf,2855,PRIVATE,2026-08-15
Profile-Pavel-Bergstrom,pdf,2843,PRIVATE,2026-08-15
Profile-Idris-Castillo,pdf,2829,PRIVATE,2026-08-15
Profile-Rina-Rivera,pdf,2834,PRIVATE,2026-08-15
Profile-Hiro-Larsen,pdf,2836,PRIVATE,2026-08-15
Profile-Sven-Torres,pdf,2834,PRIVATE,2026-08-15
Profile-Rania-Costa,pdf,2845,PRIVATE,2026-08-15
Profile-Tariq-Tanaka,pdf,2826,PRIVATE,2026-08-15
Profile-Leila-Sorensen,pdf,2835,PRIVATE,2026-08-15
Profile-Rohan-Watanabe,pdf,2824,PRIVATE,2026-08-15
Profile-Aisha-Yilmaz,pdf,2831,PRIVATE,2026-08-15
Profile-Ada-Vasquez,pdf,2830,PRIVATE,2026-08-15
Profile-Rania-Hassan,pdf,2836,PRIVATE,2026-08-15
Profile-Layla-Lindgren,pdf,2835,PRIVATE,2026-08-15
Profile-Yusuf-Adebayo,pdf,2831,PRIVATE,2026-08-15
Profile-Isabel-Baptiste,pdf,2836,PRIVATE,2026-08-15
Profile-Tomas-Rivera,pdf,2844,PRIVATE,2026-08-15
Profile-Leila-Sultana,pdf,2838,PRIVATE,2026-08-15
Profile-Leila-Hoffman,pdf,2847,PRIVATE,2026-08-15
Compliance-Ingrid-Sultana,pdf,2649,PRIVATE,2026-08-15
Compliance-Wren-Zhang,pdf,2645,PRIVATE,2026-08-15
Compliance-Yuki-Delgado,pdf,2649,PRIVATE,2026-08-15
Compliance-Nasir-Jansen,pdf,2647,PRIVATE,2026-08-15
Compliance-Omar-Baptiste,pdf,2652,PRIVATE,2026-08-15
Compliance-Rina-Tanaka,pdf,2650,PRIVATE,2026-08-15
Compliance-Diego-Gupta,pdf,2646,PRIVATE,2026-08-15
Compliance-Tomas-Diallo,pdf,2647,PRIVATE,2026-08-15
Compliance-Rosa-Aguilar,pdf,2651,PRIVATE,2026-08-15
Compliance-Chidi-Vasquez,pdf,2650,PRIVATE,2026-08-15
Compliance-Bilal-Ndiaye,pdf,2647,PRIVATE,2026-08-15
Compliance-Salma-Rojas,pdf,2650,PRIVATE,2026-08-15
Compliance-Sana-Banda,pdf,2649,PRIVATE,2026-08-15
Compliance-Clara-Patel,pdf,2650,PRIVATE,2026-08-15
Compliance-Amara-Lindgren,pdf,2649,PRIVATE,2026-08-15
Compliance-Bella-Baptiste,pdf,2653,PRIVATE,2026-08-15
Compliance-Oskar-Bianchi,pdf,2648,PRIVATE,2026-08-15
Compliance-Bilal-Rahman,pdf,2651,PRIVATE,2026-08-15
Compliance-Kai-Ferreira,pdf,2651,PRIVATE,2026-08-15
Compliance-Hana-Aguilar,pdf,2651,PRIVATE,2026-08-15
Compliance-Aisha-Sorensen,pdf,2653,PRIVATE,2026-08-15
