Quote Title,Status,Deal,Created,Expires
Dunmore Financial — Momentum program — proposal,,Dunmore Financial — Momentum program,2026-08-15,2026-08-27
Stonebridge Education Group — Momentum program — proposal,,Stonebridge Education Group — Momentum program,2026-08-15,2026-11-09
Hallmark Medical Group — Core program — proposal,,Hallmark Medical Group — Core program,2026-08-15,2026-09-07
Glenmoor Digital — Momentum program — proposal,,Glenmoor Digital — Momentum program,2026-08-15,2025-07-05
Lyndhurst Financial — Momentum program — proposal,,Lyndhurst Financial — Momentum program,2026-08-15,2026-08-25
Winsley Brands — Core program — proposal,,Winsley Brands — Core program,2026-08-15,2025-03-25
Vantage Wealth Partners — Momentum program — proposal,,Vantage Wealth Partners — Momentum program,2026-08-15,2025-09-23
Inglewood Group 58 — Core program — proposal,,Rosemont Group — Core program,2026-08-15,2025-06-18
Bright Harbor Academy — Momentum program — proposal,,Bright Harbor Academy — Momentum program,2026-08-15,2026-08-31
Everton Logistics — Momentum program — proposal,,Everton Logistics — Momentum program,2026-08-15,2025-08-28
Foxglove Builders — Summit program — proposal,,Foxglove Builders — Summit program,2026-08-15,2026-09-08
Glenmoor Initiative — Core program — proposal,,Glenmoor Initiative — Core program,2026-08-15,2026-08-26
Stonebridge Labs — Momentum program — proposal,,Stonebridge Labs — Momentum program,2026-08-15,2026-12-19
Larkspur Logistics — Momentum program — proposal,,Larkspur Logistics — Momentum program,2026-08-15,2025-10-07
Oakfield Industries — Summit program — proposal,,Oakfield Industries — Summit program,2026-08-15,2026-09-06
Newbold Consulting — Momentum program — proposal,,Newbold Consulting — Momentum program,2026-08-15,2025-04-19
Thornbury Software — Momentum program — proposal,,Thornbury Software — Momentum program,2026-08-15,2026-05-23
Carrow Systems — Summit program — proposal,,Carrow Systems — Summit program,2026-08-15,2026-05-15
Linden Initiative — Summit program — proposal,,Linden Initiative — Summit program,2026-08-15,2025-05-13
Wayfinder Capital — Momentum program — proposal,,Wayfinder Capital — Momentum program,2026-08-15,2026-08-29
Quarry Academy — Momentum program — proposal,,Quarry Academy — Momentum program,2026-08-15,2026-07-09
Brookline Works — Momentum program — proposal,,Brookline Works — Momentum program,2026-08-15,2024-12-26
Vale Medical Group 42 — Momentum program — proposal,,Cheswick Care Group — Momentum program,2026-08-15,2026-08-20
Blackstone Group — Momentum program — proposal,,Blackstone Group — Momentum program,2026-08-15,2026-09-14
Ridgeline Health — Core program — proposal,,Ridgeline Health — Core program,2026-08-15,2026-09-17
Wexford Goods — Core program — proposal,,Wexford Goods — Core program,2026-08-15,2026-09-01
Merrow Retail Group — Momentum program — proposal,,Merrow Retail Group — Momentum program,2026-08-15,2026-09-05
Hartley Medical Group 53 — Summit program — proposal,,Draperfield Clinical Group — Summit program,2026-08-15,2026-09-11
Draycott Contracting — Core program — proposal,,Draycott Contracting — Core program,2026-08-15,2026-05-22
Kestrel Partners — Momentum program — proposal,,Kestrel Partners — Momentum program,2026-08-15,2026-06-23
Pemberton Contracting — Momentum program — proposal,,Pemberton Contracting — Momentum program,2026-08-15,2026-08-21
Winsley Software — Summit program — proposal,,Winsley Software — Summit program,2026-08-15,2026-12-08
Beacon Works — Momentum program — proposal,,Beacon Works — Momentum program,2026-08-15,2025-11-27
Pemberton Works — Momentum program — proposal,,Pemberton Works — Momentum program,2026-08-15,2026-09-05
Merrow Financial — Momentum program — proposal,,Merrow Financial — Momentum program,2026-08-15,2026-09-17
Vestry Systems — Core program — proposal,,Vestry Systems — Core program,2026-08-15,2026-08-12
Blackstone Education Group — Summit program — proposal,,Blackstone Education Group — Summit program,2026-08-15,2026-08-26
Ridgeline Health — Summit program — proposal,,Ridgeline Health — Summit program,2026-08-15,2026-09-01
Orchard Labs — Momentum program — proposal,,Orchard Labs — Momentum program,2026-08-15,2026-08-30
Chesney Systems — Momentum program — proposal,,Chesney Systems — Momentum program,2026-08-15,2025-04-25
Draycott Logistics — Momentum program — proposal,,Draycott Logistics — Momentum program,2026-08-15,2026-08-25
Quarry Health — Core program — proposal,,Quarry Health — Core program,2026-08-15,2026-08-23
Jarrow Advisory 31 — Core program — proposal,,Harlow Advisory — Core program,2026-08-15,2025-08-02
Winsley Builders — Summit program — proposal,,Winsley Builders — Summit program,2026-08-15,2026-08-25
Linden Labs 39 — Summit program — proposal,,Marlow Technologies — Summit program,2026-08-15,2025-08-17
Kestrel Freight — Summit program — proposal,,Kestrel Freight — Summit program,2026-08-15,2025-07-26
Yarrow Capital — Core program — proposal,,Yarrow Capital — Core program,2026-08-15,2026-05-28
Quarry Manufacturing — Momentum program — proposal,,Quarry Manufacturing — Momentum program,2026-08-15,2026-04-20
Alder Contracting — Momentum program — proposal,,Alder Contracting — Momentum program,2026-08-15,2026-09-18
Kingsford Systems — Core program — proposal,,Kingsford Systems — Core program,2026-08-15,2026-08-31
Vantage Medical Group — Core program — proposal,,Vantage Medical Group — Core program,2026-08-15,2026-08-14
Brookline Works — Momentum program — proposal,,Brookline Works — Momentum program,2026-08-15,2026-09-04
Jarrow Goods — Momentum program — proposal,,Jarrow Goods — Momentum program,2026-08-15,2025-12-03
Jarrow Education Group — Momentum program — proposal,,Jarrow Education Group — Momentum program,2026-08-15,2026-05-11
Ivywell Technologies — Core program — proposal,,Ivywell Technologies — Core program,2026-08-15,2026-08-14
Inglewood Digital — Momentum program — proposal,,Inglewood Digital — Momentum program,2026-08-15,2026-08-20
Norbury Manufacturing — Momentum program — proposal,,Norbury Manufacturing — Momentum program,2026-08-15,2025-04-10
Quill Works — Momentum program — proposal,,Quill Works — Momentum program,2026-08-15,2026-09-09
Fairhaven Capital — Momentum program — proposal,,Fairhaven Capital — Momentum program,2026-08-15,2026-09-07
Harrowgate Contracting — Momentum program — proposal,,Harrowgate Contracting — Momentum program,2026-08-15,2026-09-09
Elmridge Works — Momentum program — proposal,,Elmridge Works — Momentum program,2026-08-15,2026-08-23
Oakfield Freight — Momentum program — proposal,,Oakfield Freight — Momentum program,2026-08-15,2025-07-01
Hallmark Group — Core program — proposal,,Hallmark Group — Core program,2026-08-15,2026-04-06
Underhill Partners — Core program — proposal,,Underhill Partners — Core program,2026-08-15,2026-06-24
Underhill Digital — Momentum program — proposal,,Underhill Digital — Momentum program,2026-08-15,2026-08-11
Lattice Medical Group — Core program — proposal,,Lattice Medical Group — Core program,2026-08-15,2026-08-26
Blackstone Brands — Core program — proposal,,Blackstone Brands — Core program,2026-08-15,2026-08-09
Upton Consulting — Core program — proposal,,Upton Consulting — Core program,2026-08-15,2026-09-08
Yarrow Partners — Momentum program — proposal,,Yarrow Partners — Momentum program,2026-08-15,2026-08-28
Orchard Alliance — Momentum program — proposal,,Orchard Alliance — Momentum program,2026-08-15,2026-08-29
Vantage Freight — Core program — proposal,,Vantage Freight — Core program,2026-08-15,2025-01-18
Keswick Advisory — Momentum program — proposal,,Keswick Advisory — Momentum program,2026-08-15,2025-12-07
Cardinal Capital — Momentum program — proposal,,Cardinal Capital — Momentum program,2026-08-15,2026-06-18
Merrow Manufacturing — Momentum program — proposal,,Merrow Manufacturing — Momentum program,2026-08-15,2026-09-18
Larkspur Wealth Partners — Core program — proposal,,Larkspur Wealth Partners — Core program,2026-08-15,2025-02-26
Jarrow Initiative — Momentum program — proposal,,Jarrow Initiative — Momentum program,2026-08-15,2026-08-29
Underhill Industries — Momentum program — proposal,,Underhill Industries — Momentum program,2026-08-15,2026-09-06
Tilbury Manufacturing 89 — Momentum program — proposal,,Ashgrove Fabrication — Momentum program,2026-08-15,2025-04-24
Ridgeline Care Group — Momentum program — proposal,,Ridgeline Care Group — Momentum program,2026-08-15,2026-05-25
Lattice Group 45 — Momentum program — proposal,,Thatcham Partners — Momentum program,2026-08-15,2025-03-29
Sable Software — Momentum program — proposal,,Sable Software — Momentum program,2026-08-15,2026-08-02
Copperfield Academy — Momentum program — proposal,,Copperfield Academy — Momentum program,2026-08-15,2026-11-07
Copperfield Education Group — Momentum program — proposal,,Copperfield Education Group — Momentum program,2026-08-15,2026-08-11
Meridian Works — Summit program — proposal,,Meridian Works — Summit program,2026-08-15,2025-07-23
Fairhaven Health — Momentum program — proposal,,Fairhaven Health — Momentum program,2026-08-15,2026-03-04
Kingsford Supply Co — Core program — proposal,,Kingsford Supply Co — Core program,2026-08-15,2025-02-28
Norbury Works — Core program — proposal,,Norbury Works — Core program,2026-08-15,2025-07-12
Redwyn Advisory — Momentum program — proposal,,Redwyn Advisory — Momentum program,2026-08-15,2026-04-26
Upton Partners — Core program — proposal,,Upton Partners — Core program,2026-08-15,2025-02-17
Upton Technologies — Core program — proposal,,Upton Technologies — Core program,2026-08-15,2025-02-06
Sable Manufacturing — Momentum program — proposal,,Sable Manufacturing — Momentum program,2026-08-15,2026-08-22
Quarry Software — Summit program — proposal,,Quarry Software — Summit program,2026-08-15,2026-09-10
Underhill Digital — Momentum program — proposal,,Underhill Digital — Momentum program,2026-08-15,2025-03-21
Meridian Health — Momentum program — proposal,,Meridian Health — Momentum program,2026-08-15,2025-10-03
Winsley Retail Group — Core program — proposal,,Winsley Retail Group — Core program,2026-08-15,2026-07-10
Sable Advisory — Momentum program — proposal,,Sable Advisory — Momentum program,2026-08-15,2026-09-12
Bramble Brands — Momentum program — proposal,,Bramble Brands — Momentum program,2026-08-15,2026-08-26
Vantage Care Group — Momentum program — proposal,,Vantage Care Group — Momentum program,2026-08-15,2026-08-28
Upton Digital — Momentum program — proposal,,Upton Digital — Momentum program,2026-08-15,2026-09-03
Kestrel Freight — Momentum program — proposal,,Kestrel Freight — Momentum program,2026-08-15,2026-09-05
Merrow Consulting — Momentum program — proposal,,Merrow Consulting — Momentum program,2026-08-15,2026-06-06
Linden Works 38 — Momentum program — proposal,,Tilbury Fabrication — Momentum program,2026-08-15,2026-08-11
Verdant Group 4 — Momentum program — proposal,,Ashdown Associates — Momentum program,2026-08-15,2025-11-05
Vantage Medical Group — Momentum program — proposal,,Vantage Medical Group — Momentum program,2026-08-15,2026-09-01
Blackstone Advisory — Core program — proposal,,Blackstone Advisory — Core program,2026-08-15,2026-08-26
Vantage Health — Summit program — proposal,,Vantage Health — Summit program,2026-08-15,2026-08-19
Norbury Goods — Momentum program — proposal,,Norbury Goods — Momentum program,2026-08-15,2026-09-12
Tanglewood Learning — Momentum program — proposal,,Tanglewood Learning — Momentum program,2026-08-15,2026-09-06
Norbury Goods — Core program — proposal,,Norbury Goods — Core program,2026-08-15,2026-08-29
Granton Retail Group — Core program — proposal,,Granton Retail Group — Core program,2026-08-15,2026-09-04
Tilbury Works — Momentum program — proposal,,Tilbury Works — Momentum program,2026-08-15,2026-10-03
Ironwood Health — Momentum program — proposal,,Ironwood Health — Momentum program,2026-08-15,2025-01-19
Vestry Consulting — Core program — proposal,,Vestry Consulting — Core program,2026-08-15,2026-09-03
Vestry Consulting — Core program — proposal,,Vestry Consulting — Core program,2026-08-15,2026-08-27
