Subject,ZIA Ticket Type,Ticket Status,Priority,SLA Breached,Placement Health Score,Talent Email
Onboarding — Engagement — Alba Obi @ Pemberton Digital,Placement Onboarding,Closed,MEDIUM,false,82,alba.obi@ziaod.com
Engagement close-out — Engagement — Camila Iqbal @ Winsley Retail Group,Offboarding,Closed,LOW,false,23,talent425@ziaod.com
Onboarding — Engagement — Layla Raghunathan @ Carrow Contracting,Placement Onboarding,Closed,MEDIUM,false,94,layla.raghunathan@ziaod.com
Onboarding — Engagement — Kwame Nkemdi @ Upton Technologies,Placement Onboarding,Closed,MEDIUM,false,60,talent407@ziaod.com
Onboarding — Engagement — Joon Achebe @ Upton Digital,Placement Onboarding,Closed,MEDIUM,false,33,joon.achebe@ziaod.com
Onboarding — Engagement — Arun Lindqvist @ Norbury Works,Placement Onboarding,Closed,MEDIUM,false,66,talent408@ziaod.com
Engagement close-out — Engagement — Andres Tanaka @ Ridgeline Care Group,Offboarding,Closed,LOW,false,37,talent416@ziaod.com
Onboarding — Engagement — Lian Aguilar @ Cardinal Wealth Partners,Placement Onboarding,Closed,MEDIUM,false,62,lian.aguilar@ziaod.com
Onboarding — Engagement — Marcus Sandoval @ Carrow Contracting,Placement Onboarding,Closed,MEDIUM,false,59,marcus.sandoval@ziaod.com
30-day health check — Engagement — Lian Aguilar @ Cardinal Wealth Partners,Health Check,Waiting on us,MEDIUM,false,62,lian.aguilar@ziaod.com
Onboarding — Engagement — Arun Yilmaz @ Vestry Consulting,Placement Onboarding,New,MEDIUM,false,59,arun.yilmaz@ziaod.com
Onboarding — Engagement — Camila Iqbal @ Winsley Retail Group,Placement Onboarding,Closed,MEDIUM,false,23,talent425@ziaod.com
Onboarding — Engagement — Rania Torres @ Draperfield Assurance,Placement Onboarding,Closed,MEDIUM,false,80,rania.torres@ziaod.com
30-day health check — Engagement — Arun Lindqvist @ Norbury Works,Health Check,Waiting on us,MEDIUM,false,66,talent408@ziaod.com
Engagement close-out — Engagement — Astrid Jansen @ Upton Technologies,Offboarding,Closed,LOW,false,17,talent405@ziaod.com
Onboarding — Engagement — Astrid Jansen @ Upton Technologies,Placement Onboarding,Closed,MEDIUM,false,17,talent405@ziaod.com
Onboarding — Engagement — Astrid Moreau @ Orchard Industries,Placement Onboarding,Closed,MEDIUM,false,36,astrid.moreau@ziaod.com
Engagement close-out — Engagement — Arun Farah @ Orchard Industries,Offboarding,Closed,LOW,false,12,arun.farah@ziaod.com
Onboarding — Engagement — Mateo Banda @ Norbury Technologies,Placement Onboarding,Closed,MEDIUM,false,70,talent410@ziaod.com
30-day health check — Engagement — Kwame Nkemdi @ Upton Technologies,Health Check,Waiting on us,MEDIUM,false,60,talent407@ziaod.com
Onboarding — Engagement — Pavel Castillo @ Ashdown Associates,Placement Onboarding,Closed,MEDIUM,false,72,pavel.castillo@ziaod.com
Onboarding — Engagement — Kai Gupta @ Norbury Technologies,Placement Onboarding,Closed,MEDIUM,false,81,talent411@ziaod.com
Onboarding — Engagement — Luis Chen @ Rothwell Technologies,Placement Onboarding,Closed,MEDIUM,false,91,luis.chen@ziaod.com
Onboarding — Engagement — Andres Tanaka @ Ridgeline Care Group,Placement Onboarding,Closed,MEDIUM,false,37,talent416@ziaod.com
30-day health check — Engagement — Marcus Sandoval @ Carrow Contracting,Health Check,Waiting on us,MEDIUM,false,59,marcus.sandoval@ziaod.com
Onboarding — Engagement — Ingrid Baptiste @ Hartley Wealth Partners,Placement Onboarding,Closed,MEDIUM,false,94,talent418@ziaod.com
Engagement close-out — Engagement — Nasir Novak @ Ridgeline Care Group,Offboarding,Closed,LOW,false,23,talent415@ziaod.com
Onboarding — Engagement — Aisha Yilmaz @ Upton Technologies,Placement Onboarding,Closed,MEDIUM,false,81,talent403@ziaod.com
Onboarding — Engagement — Rania Costa @ Rothwell Technologies,Placement Onboarding,Closed,MEDIUM,false,95,rania.costa@ziaod.com
30-day health check — Engagement — Arun Yilmaz @ Vestry Consulting,Health Check,Waiting on us,MEDIUM,false,59,arun.yilmaz@ziaod.com
Onboarding — Engagement — Arun Farah @ Orchard Industries,Placement Onboarding,Closed,MEDIUM,false,12,arun.farah@ziaod.com
Onboarding — Engagement — Idris Rivera @ Upton Digital,Placement Onboarding,Closed,MEDIUM,false,78,idris.rivera@ziaod.com
Onboarding — Engagement — Pavel Fischer @ Draperfield Assurance,Placement Onboarding,Closed,MEDIUM,false,80,pavel.fischer@ziaod.com
Engagement close-out — Engagement — Joon Achebe @ Upton Digital,Offboarding,Closed,LOW,false,33,joon.achebe@ziaod.com
Onboarding — Engagement — Ingrid Andersen @ Copperfield Capital,Placement Onboarding,Closed,MEDIUM,false,77,ingrid.andersen@ziaod.com
30-day health check — Engagement — Arun Rojas @ Norbury Works,Health Check,Waiting on us,MEDIUM,false,61,talent409@ziaod.com
Engagement close-out — Engagement — Astrid Moreau @ Orchard Industries,Offboarding,Closed,LOW,false,36,astrid.moreau@ziaod.com
Onboarding — Engagement — Zane Aguilar @ Hartley Wealth Partners,Placement Onboarding,Closed,MEDIUM,false,77,talent420@ziaod.com
Onboarding — Engagement — Marta Novak @ Winsley Retail Group,Placement Onboarding,Closed,MEDIUM,false,28,talent426@ziaod.com
Onboarding — Engagement — Nasir Novak @ Ridgeline Care Group,Placement Onboarding,Closed,MEDIUM,false,23,talent415@ziaod.com
Onboarding — Engagement — Arun Rojas @ Norbury Works,Placement Onboarding,Closed,MEDIUM,false,61,talent409@ziaod.com
Onboarding — Engagement — Greta Rossi @ Ashdown Associates,Placement Onboarding,Closed,MEDIUM,false,89,greta.rossi@ziaod.com
Onboarding — Kestrel Freight — Summit program,Placement Onboarding,New,MEDIUM,,,
Onboarding — Winsley Alliance — Core program,Placement Onboarding,New,MEDIUM,,,
Onboarding — Tanglewood Learning — Momentum program,Placement Onboarding,New,MEDIUM,,,
Onboarding — Juniper Medical Group — Momentum program,Placement Onboarding,New,MEDIUM,,,
Onboarding — Vantage Freight — Core program,Placement Onboarding,New,MEDIUM,,,
Onboarding — Ashgrove Fabrication — Momentum program,Placement Onboarding,New,MEDIUM,,,
Onboarding — Upton Partners — Core program,Placement Onboarding,New,MEDIUM,,,
Onboarding — Ivywell Technologies — Core program,Placement Onboarding,New,MEDIUM,,,
Onboarding — Tanglewood Medical Group — Momentum program,Placement Onboarding,New,MEDIUM,,,
Onboarding — Blackstone Wealth Partners — Momentum program,Placement Onboarding,New,MEDIUM,,,
Onboarding — Copperfield Capital — Core program,Placement Onboarding,New,MEDIUM,,,
Onboarding — Lyndhurst Care Group — Momentum program,Placement Onboarding,New,MEDIUM,,,
Onboarding — Quarry Health — Core program,Placement Onboarding,New,MEDIUM,,,
Onboarding — Norbury Technologies — Core program,Placement Onboarding,New,MEDIUM,,,
Onboarding — Hartley Care Group — Core program,Placement Onboarding,New,MEDIUM,,,
Onboarding — Jarrow Education Group — Momentum program,Placement Onboarding,New,MEDIUM,,,
Onboarding — Linden Consulting — Summit program,Placement Onboarding,New,MEDIUM,,,
Onboarding — Quarry Academy — Core program,Placement Onboarding,New,MEDIUM,,,
Onboarding — Sorrel Medical Group — Momentum program,Placement Onboarding,New,MEDIUM,,,
Onboarding — Engagement — Emeka Novotny @ Harrowgate Financial,Placement Onboarding,Closed,MEDIUM,false,89,emeka.novotny@ziaod.com
Onboarding — Engagement — Marisol Ferreira @ Copperfield Education Group,Placement Onboarding,Closed,MEDIUM,false,96,marisol.ferreira@ziaod.com
Onboarding — Engagement — Luis Diallo @ Granton Digital,Placement Onboarding,Closed,MEDIUM,false,93,luis.diallo@ziaod.com
30-day health check — Engagement — Zane Okafor @ Harrowgate Contracting,Health Check,Waiting on us,MEDIUM,false,69,zane.okafor@ziaod.com
Engagement close-out — Engagement — Isabel Rivera @ Whitlock Foundation,Offboarding,Closed,LOW,false,28,isabel.rivera@ziaod.com
Onboarding — Engagement — Yusuf Mwangi @ Harrowgate Contracting,Placement Onboarding,Closed,MEDIUM,false,96,yusuf.mwangi@ziaod.com
Onboarding — Engagement — Zane Okafor @ Harrowgate Contracting,Placement Onboarding,Closed,MEDIUM,false,69,zane.okafor@ziaod.com
Onboarding — Engagement — Boris Ferreira @ Norbury Manufacturing,Placement Onboarding,Closed,MEDIUM,false,27,boris.ferreira@ziaod.com
Onboarding — Engagement — Tunde Rahman @ Whitlock Foundation,Placement Onboarding,Closed,MEDIUM,false,81,tunde.rahman@ziaod.com
Onboarding — Engagement — Marta Whitfield @ Granton Retail Group,Placement Onboarding,Closed,MEDIUM,false,25,marta.whitfield@ziaod.com
Engagement close-out — Engagement — Boris Ferreira @ Norbury Manufacturing,Offboarding,Closed,LOW,false,27,boris.ferreira@ziaod.com
Onboarding — Engagement — Leila Rojas @ Vestry Wealth Partners,Placement Onboarding,Closed,MEDIUM,false,32,leila.rojas@ziaod.com
Onboarding — Engagement — Ada Sandoval @ Beacon Manufacturing,Placement Onboarding,Closed,MEDIUM,false,76,ada.sandoval@ziaod.com
Engagement close-out — Engagement — Tariq Larsen @ Fairhaven Health,Offboarding,Closed,LOW,false,13,tariq.larsen@ziaod.com
Onboarding — Engagement — Isabel Rivera @ Whitlock Foundation,Placement Onboarding,Closed,MEDIUM,false,28,isabel.rivera@ziaod.com
30-day health check — Engagement — Salma Ellery @ Kingsford Supply Co,Health Check,Waiting on us,MEDIUM,false,65,salma.ellery@ziaod.com
Onboarding — Engagement — Yuki Eriksen @ Quill Works,Placement Onboarding,Closed,MEDIUM,false,89,yuki.eriksen@ziaod.com
30-day health check — Engagement — Tomas Rivera @ Thatcham Partners,Health Check,Waiting on us,MEDIUM,false,63,tomas.rivera@ziaod.com
30-day health check — Engagement — Pedro Weiss @ Tilbury Financial,Health Check,Waiting on us,MEDIUM,false,62,pedro.weiss@ziaod.com
Onboarding — Engagement — Pedro Weiss @ Tilbury Financial,Placement Onboarding,Closed,MEDIUM,false,62,pedro.weiss@ziaod.com
30-day health check — Engagement — Mikkel Balogun @ Underhill Digital,Health Check,Waiting on us,MEDIUM,false,60,mikkel.balogun@ziaod.com
Onboarding — Engagement — Tariq Mensah @ Whitlock Foundation,Placement Onboarding,Closed,MEDIUM,false,94,tariq.mensah@ziaod.com
Onboarding — Engagement — Mikkel Balogun @ Underhill Digital,Placement Onboarding,Closed,MEDIUM,false,60,mikkel.balogun@ziaod.com
30-day health check — Engagement — Malik Achebe @ Granton Digital,Health Check,Waiting on us,MEDIUM,false,69,malik.achebe@ziaod.com
Onboarding — Engagement — Rina Andersen @ Quill Works,Placement Onboarding,Closed,MEDIUM,false,29,rina.andersen@ziaod.com
Onboarding — Engagement — Salma Ellery @ Kingsford Supply Co,Placement Onboarding,Closed,MEDIUM,false,65,salma.ellery@ziaod.com
Onboarding — Engagement — Caleb Duarte @ Cobalt Retail Group,Placement Onboarding,Closed,MEDIUM,false,92,caleb.duarte@ziaod.com
Engagement close-out — Engagement — Rina Andersen @ Quill Works,Offboarding,Closed,LOW,false,29,rina.andersen@ziaod.com
Engagement close-out — Engagement — Marta Whitfield @ Granton Retail Group,Offboarding,Closed,LOW,false,25,marta.whitfield@ziaod.com
Onboarding — Engagement — Marisol Ibrahim @ Fairhaven Health,Placement Onboarding,Closed,MEDIUM,false,78,marisol.ibrahim@ziaod.com
Onboarding — Engagement — Freya Andersen @ Kingsford Supply Co,Placement Onboarding,Closed,MEDIUM,false,76,freya.andersen@ziaod.com
Engagement close-out — Engagement — Leila Rojas @ Vestry Wealth Partners,Offboarding,Closed,LOW,false,32,leila.rojas@ziaod.com
Onboarding — Engagement — Tomas Rivera @ Thatcham Partners,Placement Onboarding,Closed,MEDIUM,false,63,tomas.rivera@ziaod.com
Onboarding — Engagement — Malik Achebe @ Granton Digital,Placement Onboarding,Closed,MEDIUM,false,69,malik.achebe@ziaod.com
Onboarding — Engagement — Viktor Obi @ Vestry Wealth Partners,Placement Onboarding,Closed,MEDIUM,false,78,viktor.obi@ziaod.com
Onboarding — Engagement — Thandi Osei @ Granton Retail Group,Placement Onboarding,Closed,MEDIUM,false,34,thandi.osei@ziaod.com
At-risk escalation — Engagement — Thandi Osei @ Granton Retail Group,At-Risk Escalation,Waiting on us,HIGH,true,34,thandi.osei@ziaod.com
Onboarding — Engagement — Nasir Diallo @ Cobalt Retail Group,Placement Onboarding,Closed,MEDIUM,false,83,nasir.diallo@ziaod.com
Onboarding — Engagement — Tariq Larsen @ Fairhaven Health,Placement Onboarding,Closed,MEDIUM,false,13,tariq.larsen@ziaod.com
Engagement close-out — Engagement — Caleb Costa @ Winsley Builders,Offboarding,Closed,LOW,false,24,caleb.costa@ziaod.com
Onboarding — Engagement — Kai Yilmaz @ Quarry Manufacturing,Placement Onboarding,Closed,MEDIUM,false,93,kai.yilmaz@ziaod.com
30-day health check — Engagement — Layla Tanaka @ Kingsford Advisory,Health Check,Waiting on us,MEDIUM,false,61,layla.tanaka@ziaod.com
Onboarding — Engagement — Elena Weiss @ Kingsford Advisory,Placement Onboarding,Closed,MEDIUM,false,68,elena.weiss@ziaod.com
Onboarding — Engagement — Priya Nkemdi @ Meridian Medical Group,Placement Onboarding,Closed,MEDIUM,false,18,priya.nkemdi@ziaod.com
Onboarding — Engagement — Ravi Petrov @ Draycott Care Group,Placement Onboarding,Closed,MEDIUM,false,22,ravi.petrov@ziaod.com
Onboarding — Engagement — Ada Novotny @ Chesney Learning,Placement Onboarding,New,MEDIUM,false,33,ada.novotny@ziaod.com
Onboarding — Engagement — Sofia Zhang @ Wexford Software,Placement Onboarding,Closed,MEDIUM,false,20,sofia.zhang@ziaod.com
Onboarding — Engagement — Elsa Nasser @ Yarrow Software,Placement Onboarding,Closed,MEDIUM,false,27,elsa.nasser@ziaod.com
At-risk escalation — Engagement — Ada Novotny @ Chesney Learning,At-Risk Escalation,Waiting on us,HIGH,true,33,ada.novotny@ziaod.com
Onboarding — Engagement — Mikkel Sorensen @ Beacon Works,Placement Onboarding,Closed,MEDIUM,false,69,mikkel.sorensen@ziaod.com
Onboarding — Engagement — Diego Duarte @ Bright Harbor Academy,Placement Onboarding,Closed,MEDIUM,false,73,diego.duarte@ziaod.com
30-day health check — Engagement — Thandi Fischer @ Vale Advisory,Health Check,Waiting on us,MEDIUM,false,68,thandi.fischer@ziaod.com
Onboarding — Engagement — Freya Bianchi @ Winsley Builders,Placement Onboarding,Closed,MEDIUM,false,28,freya.bianchi@ziaod.com
Engagement close-out — Engagement — Elsa Nasser @ Yarrow Software,Offboarding,Closed,LOW,false,27,elsa.nasser@ziaod.com
Onboarding — Engagement — Anika Osei @ Ridgeline Health,Placement Onboarding,Closed,MEDIUM,false,95,anika.osei@ziaod.com
30-day health check — Engagement — Kenji Achebe @ Draycott Contracting,Health Check,Waiting on us,MEDIUM,false,65,kenji.achebe@ziaod.com
30-day health check — Engagement — Alba Castillo @ Merrow Health,Health Check,Waiting on us,MEDIUM,false,59,alba.castillo@ziaod.com
Engagement close-out — Engagement — Sofia Zhang @ Wexford Software,Offboarding,Closed,LOW,false,20,sofia.zhang@ziaod.com
30-day health check — Engagement — Priya Ferreira @ Quarry Manufacturing,Health Check,Waiting on us,MEDIUM,false,63,priya.ferreira@ziaod.com
Onboarding — Engagement — Femi Serrano @ Quarry Manufacturing,Placement Onboarding,Closed,MEDIUM,false,87,femi.serrano@ziaod.com
Onboarding — Engagement — Aisha Yilmaz @ Yarrow Software,Placement Onboarding,Closed,MEDIUM,false,37,aisha.yilmaz@ziaod.com
Onboarding — Engagement — Andres Klein @ Ironwood Financial,Placement Onboarding,Closed,MEDIUM,false,32,andres.klein@ziaod.com
Onboarding — Engagement — Nora Rossi @ Kingsford Advisory,Placement Onboarding,Closed,MEDIUM,false,62,nora.rossi@ziaod.com
At-risk escalation — Engagement — Andres Klein @ Ironwood Financial,At-Risk Escalation,Waiting on us,HIGH,true,32,andres.klein@ziaod.com
At-risk escalation — Engagement — Fatima Moreau @ Yarrow Partners,At-Risk Escalation,Waiting on contact,MEDIUM,false,42,fatima.moreau@ziaod.com
Onboarding — Engagement — Freya Bakker @ Yarrow Capital,Placement Onboarding,Closed,MEDIUM,false,93,freya.bakker@ziaod.com
Onboarding — Engagement — Hiro Duarte @ Ironwood Financial,Placement Onboarding,Closed,MEDIUM,false,28,hiro.duarte@ziaod.com
30-day health check — Engagement — Rosa Ellery @ Yarrow Medical Group,Health Check,Waiting on us,MEDIUM,false,66,rosa.ellery@ziaod.com
Onboarding — Engagement — Caleb Costa @ Winsley Builders,Placement Onboarding,Closed,MEDIUM,false,24,caleb.costa@ziaod.com
Onboarding — Engagement — Omar Kim @ Chesney Systems,Placement Onboarding,Closed,MEDIUM,false,94,omar.kim@ziaod.com
Onboarding — Engagement — Kai Watanabe @ Vale Advisory,Placement Onboarding,Closed,MEDIUM,false,75,kai.watanabe@ziaod.com
Onboarding — Engagement — Elsa Delgado @ Yarrow Capital,Placement Onboarding,Closed,MEDIUM,false,85,elsa.delgado@ziaod.com
Onboarding — Engagement — Aisha Fontaine @ Linden Capital,Placement Onboarding,Closed,MEDIUM,false,76,aisha.fontaine@ziaod.com
30-day health check — Engagement — Thandi Yilmaz @ Linden Capital,Health Check,Waiting on us,MEDIUM,false,64,thandi.yilmaz@ziaod.com
Engagement close-out — Engagement — Priya Nkemdi @ Meridian Medical Group,Offboarding,Closed,LOW,false,18,priya.nkemdi@ziaod.com
Onboarding — Engagement — Mei Banda @ Meridian Medical Group,Placement Onboarding,Closed,MEDIUM,false,77,mei.banda@ziaod.com
Onboarding — Engagement — Wren Banda @ Beacon Works,Placement Onboarding,Closed,MEDIUM,false,35,wren.banda@ziaod.com
30-day health check — Engagement — Mikkel Sorensen @ Beacon Works,Health Check,Waiting on us,MEDIUM,false,69,mikkel.sorensen@ziaod.com
Onboarding — Engagement — Mikkel Bergstrom @ Draycott Contracting,Placement Onboarding,Closed,MEDIUM,false,74,mikkel.bergstrom@ziaod.com
Onboarding — Engagement — Thandi Fischer @ Vale Advisory,Placement Onboarding,Closed,MEDIUM,false,68,thandi.fischer@ziaod.com
Onboarding — Engagement — Alba Castillo @ Merrow Health,Placement Onboarding,Closed,MEDIUM,false,59,alba.castillo@ziaod.com
Onboarding — Engagement — Isabel Marchetti @ Vale Advisory,Placement Onboarding,Closed,MEDIUM,false,73,isabel.marchetti@ziaod.com
Onboarding — Engagement — Rosa Ellery @ Yarrow Medical Group,Placement Onboarding,Closed,MEDIUM,false,66,rosa.ellery@ziaod.com
Onboarding — Engagement — Rania Mensah @ Bright Harbor Academy,Placement Onboarding,Closed,MEDIUM,false,15,rania.mensah@ziaod.com
Engagement close-out — Engagement — Ravi Petrov @ Draycott Care Group,Offboarding,Closed,LOW,false,22,ravi.petrov@ziaod.com
At-risk escalation — Engagement — Wren Banda @ Beacon Works,At-Risk Escalation,Waiting on us,HIGH,true,35,wren.banda@ziaod.com
Onboarding — Engagement — Fatima Moreau @ Yarrow Partners,Placement Onboarding,Closed,MEDIUM,false,42,fatima.moreau@ziaod.com
Onboarding — Engagement — Diego Malek @ Draycott Care Group,Placement Onboarding,Closed,MEDIUM,false,77,diego.malek@ziaod.com
Onboarding — Engagement — Priya Ferreira @ Quarry Manufacturing,Placement Onboarding,Closed,MEDIUM,false,63,priya.ferreira@ziaod.com
Onboarding — Engagement — Salma Achebe @ Yarrow Partners,Placement Onboarding,Closed,MEDIUM,false,73,salma.achebe@ziaod.com
Onboarding — Engagement — Bella Baptiste @ Merrow Health,Placement Onboarding,Closed,MEDIUM,false,74,bella.baptiste2@ziaod.com
Onboarding — Engagement — Nora Patel @ Chesney Systems,Placement Onboarding,Closed,MEDIUM,false,82,nora.patel@ziaod.com
Onboarding — Engagement — Kenji Achebe @ Draycott Contracting,Placement Onboarding,Closed,MEDIUM,false,65,kenji.achebe@ziaod.com
30-day health check — Engagement — Elena Weiss @ Kingsford Advisory,Health Check,Waiting on us,MEDIUM,false,68,elena.weiss@ziaod.com
Onboarding — Engagement — Rina Novotny @ Yarrow Academy,Placement Onboarding,Closed,MEDIUM,false,88,rina.novotny@ziaod.com
Engagement close-out — Engagement — Rania Mensah @ Bright Harbor Academy,Offboarding,Closed,LOW,false,15,rania.mensah@ziaod.com
Engagement close-out — Engagement — Freya Bianchi @ Winsley Builders,Offboarding,Closed,LOW,false,28,freya.bianchi@ziaod.com
At-risk escalation — Engagement — Aisha Yilmaz @ Yarrow Software,At-Risk Escalation,Waiting on us,HIGH,true,37,aisha.yilmaz@ziaod.com
Engagement close-out — Engagement — Hiro Duarte @ Ironwood Financial,Offboarding,Closed,LOW,false,28,hiro.duarte@ziaod.com
Onboarding — Engagement — Layla Tanaka @ Kingsford Advisory,Placement Onboarding,Closed,MEDIUM,false,61,layla.tanaka@ziaod.com
30-day health check — Engagement — Nora Rossi @ Kingsford Advisory,Health Check,Waiting on us,MEDIUM,false,62,nora.rossi@ziaod.com
Onboarding — Engagement — Arun Chen @ Brookline Works,Placement Onboarding,Closed,MEDIUM,false,26,arun.chen@ziaod.com
Onboarding — Engagement — Thandi Yilmaz @ Linden Capital,Placement Onboarding,Closed,MEDIUM,false,64,thandi.yilmaz@ziaod.com
Onboarding — Blackstone Advisory — Core program,Placement Onboarding,New,MEDIUM,,,
Onboarding — Elmridge Works — Momentum program,Placement Onboarding,New,MEDIUM,,,
Onboarding — Vantage Medical Group — Momentum program,Placement Onboarding,New,MEDIUM,,,
Onboarding — Hallmark Medical Group — Core program,Placement Onboarding,New,MEDIUM,,,
Onboarding — Vestry Systems — Core program,Placement Onboarding,New,MEDIUM,,,
Onboarding — Underhill Digital — Momentum program,Placement Onboarding,New,MEDIUM,,,
Onboarding — Orchard Alliance — Momentum program,Placement Onboarding,New,MEDIUM,,,
Onboarding — Brookline Works — Momentum program,Placement Onboarding,New,MEDIUM,,,
Onboarding — Vestry Consulting — Core program,Placement Onboarding,New,MEDIUM,,,
Onboarding — Winsley Builders — Summit program,Placement Onboarding,New,MEDIUM,,,
Onboarding — Copperfield Education Group — Momentum program,Placement Onboarding,New,MEDIUM,,,
Onboarding — Vantage Health — Summit program,Placement Onboarding,New,MEDIUM,,,
Onboarding — Lyndhurst Financial — Momentum program,Placement Onboarding,New,MEDIUM,,,
Onboarding — Sable Software — Momentum program,Placement Onboarding,New,MEDIUM,,,
Onboarding — Granton Retail Group — Core program,Placement Onboarding,New,MEDIUM,,,
Onboarding — Engagement — Aisha Lindgren @ Linden Initiative,Placement Onboarding,Closed,MEDIUM,false,36,aisha.lindgren@ziaod.com
Onboarding — Engagement — Yara Adebayo @ Foxglove Builders,Placement Onboarding,Closed,MEDIUM,false,90,yara.adebayo@ziaod.com
30-day health check — Engagement — Hana Chen @ Winsley Brands,Health Check,Waiting on us,MEDIUM,false,67,hana.chen@ziaod.com
30-day health check — Engagement — Luis Balogun @ Newbold Consulting,Health Check,Waiting on us,MEDIUM,false,58,luis.balogun@ziaod.com
Engagement close-out — Engagement — Ingrid Adebayo @ Larkspur Logistics,Offboarding,Closed,LOW,false,14,ingrid.adebayo@ziaod.com
Onboarding — Engagement — Isabel Weiss @ Everton Logistics,Placement Onboarding,Closed,MEDIUM,false,77,isabel.weiss@ziaod.com
Engagement close-out — Engagement — Marcus Bianchi @ Foxglove Builders,Offboarding,Closed,LOW,false,38,marcus.bianchi@ziaod.com
30-day health check — Engagement — Noemi Whitfield @ Quarry Academy,Health Check,Waiting on us,MEDIUM,false,63,noemi.whitfield@ziaod.com
At-risk escalation — Engagement — Arun Chen @ Brookline Works,At-Risk Escalation,Waiting on us,HIGH,true,26,arun.chen@ziaod.com
Onboarding — Engagement — Lucia Mwangi @ Everton Logistics,Placement Onboarding,Closed,MEDIUM,false,13,lucia.mwangi@ziaod.com
Onboarding — Engagement — Marcus Bianchi @ Foxglove Builders,Placement Onboarding,Closed,MEDIUM,false,38,marcus.bianchi@ziaod.com
30-day health check — Engagement — Yara Bianchi @ Linden Initiative,Health Check,Waiting on us,MEDIUM,false,63,yara.bianchi@ziaod.com
Onboarding — Engagement — Leila Iqbal @ Vale Goods,Placement Onboarding,Closed,MEDIUM,false,82,leila.iqbal@ziaod.com
Onboarding — Engagement — Anders Achebe @ Ashgrove Care Group,Placement Onboarding,Closed,MEDIUM,false,91,anders.achebe@ziaod.com
Onboarding — Engagement — Lucia Raghunathan @ Winsley Brands,Placement Onboarding,Closed,MEDIUM,false,23,lucia.raghunathan@ziaod.com
30-day health check — Engagement — Femi Klein @ Newbold Consulting,Health Check,Waiting on us,MEDIUM,false,60,femi.klein@ziaod.com
Engagement close-out — Engagement — Rina Kovacs @ Vantage Wealth Partners,Offboarding,Closed,LOW,false,14,rina.kovacs@ziaod.com
Onboarding — Engagement — Hana Chen @ Winsley Brands,Placement Onboarding,Closed,MEDIUM,false,67,hana.chen@ziaod.com
Onboarding — Engagement — Tomas Raghunathan @ Hallmark Medical Group,Placement Onboarding,Closed,MEDIUM,false,85,tomas.raghunathan@ziaod.com
Onboarding — Engagement — Rina Kovacs @ Vantage Wealth Partners,Placement Onboarding,Closed,MEDIUM,false,14,rina.kovacs@ziaod.com
Onboarding — Engagement — Yuki Petrov @ Kestrel Partners,Placement Onboarding,Closed,MEDIUM,false,86,yuki.petrov@ziaod.com
Onboarding — Engagement — Noemi Whitfield @ Quarry Academy,Placement Onboarding,Closed,MEDIUM,false,63,noemi.whitfield@ziaod.com
Onboarding — Engagement — Noemi Ferreira @ Vantage Wealth Partners,Placement Onboarding,Closed,MEDIUM,false,24,noemi.ferreira@ziaod.com
30-day health check — Engagement — Rafael Chen @ Thornbury Software,Health Check,Waiting on us,MEDIUM,false,61,rafael.chen@ziaod.com
Onboarding — Engagement — Sana Patel @ Norbury Advisory,Placement Onboarding,New,MEDIUM,false,80,sana.patel@ziaod.com
Onboarding — Engagement — Ravi Ellery @ Lyndhurst Financial,Placement Onboarding,Closed,MEDIUM,false,31,ravi.ellery@ziaod.com
Onboarding — Engagement — Rafael Chen @ Thornbury Software,Placement Onboarding,Closed,MEDIUM,false,61,rafael.chen@ziaod.com
Onboarding — Engagement — Yara Bianchi @ Linden Initiative,Placement Onboarding,Closed,MEDIUM,false,63,yara.bianchi@ziaod.com
Onboarding — Engagement — Femi Klein @ Newbold Consulting,Placement Onboarding,Closed,MEDIUM,false,60,femi.klein@ziaod.com
Engagement close-out — Engagement — Lucia Mwangi @ Everton Logistics,Offboarding,Closed,LOW,false,13,lucia.mwangi@ziaod.com
Engagement close-out — Engagement — Noemi Ferreira @ Vantage Wealth Partners,Offboarding,Closed,LOW,false,24,noemi.ferreira@ziaod.com
Onboarding — Engagement — Freya Jansen @ Vale Goods,Placement Onboarding,Closed,MEDIUM,false,73,freya.jansen@ziaod.com
Onboarding — Engagement — Noemi Torres @ Quarry Academy,Placement Onboarding,Closed,MEDIUM,false,86,noemi.torres@ziaod.com
Onboarding — Engagement — Leila Farah @ Ellesmere Digital,Placement Onboarding,Closed,MEDIUM,false,86,leila.farah@ziaod.com
Engagement close-out — Engagement — Lucia Raghunathan @ Winsley Brands,Offboarding,Closed,LOW,false,23,lucia.raghunathan@ziaod.com
Onboarding — Engagement — Thandi Ellery @ Newbold Consulting,Placement Onboarding,Closed,MEDIUM,false,36,thandi.ellery@ziaod.com
Onboarding — Engagement — Fatima Novak @ Thornbury Software,Placement Onboarding,Closed,MEDIUM,false,63,fatima.novak@ziaod.com
Engagement close-out — Engagement — Kai Hoffman @ Norbury Advisory,Offboarding,Closed,LOW,false,18,kai.hoffman@ziaod.com
At-risk escalation — Engagement — Aisha Lindgren @ Linden Initiative,At-Risk Escalation,Waiting on us,HIGH,true,36,aisha.lindgren@ziaod.com
Engagement close-out — Engagement — Tariq Ellery @ Linden Initiative,Offboarding,Closed,LOW,false,37,tariq.ellery@ziaod.com
Engagement close-out — Engagement — Thandi Ellery @ Newbold Consulting,Offboarding,Closed,LOW,false,36,thandi.ellery@ziaod.com
Onboarding — Engagement — Luis Balogun @ Newbold Consulting,Placement Onboarding,Closed,MEDIUM,false,58,luis.balogun@ziaod.com
30-day health check — Engagement — Fatima Novak @ Thornbury Software,Health Check,Waiting on us,MEDIUM,false,63,fatima.novak@ziaod.com
Onboarding — Engagement — Kai Hoffman @ Norbury Advisory,Placement Onboarding,Closed,MEDIUM,false,18,kai.hoffman@ziaod.com
Onboarding — Engagement — Ingrid Adebayo @ Larkspur Logistics,Placement Onboarding,Closed,MEDIUM,false,14,ingrid.adebayo@ziaod.com
Onboarding — Engagement — Tariq Ellery @ Linden Initiative,Placement Onboarding,Closed,MEDIUM,false,37,tariq.ellery@ziaod.com
Onboarding — Meridian Medical Group — Core program,Placement Onboarding,New,MEDIUM,,,
Onboarding — Winsley Alliance — Core program,Placement Onboarding,New,MEDIUM,,,
Onboarding — Vale Goods — Momentum program,Placement Onboarding,New,MEDIUM,,,
Onboarding — Linden Capital — Momentum program,Placement Onboarding,New,MEDIUM,,,
Onboarding — Quarry Academy — Momentum program,Placement Onboarding,New,MEDIUM,,,
Onboarding — Upton Partners — Core program,Placement Onboarding,New,MEDIUM,,,
Onboarding — Winsley Advisory — Momentum program,Placement Onboarding,New,MEDIUM,,,
Onboarding — Copperfield Capital — Core program,Placement Onboarding,New,MEDIUM,,,
Onboarding — Rothwell Technologies — Momentum program,Placement Onboarding,New,MEDIUM,,,
Onboarding — Hallmark Software — Core program,Placement Onboarding,New,MEDIUM,,,
Onboarding — Orchard Industries — Momentum program,Placement Onboarding,New,MEDIUM,,,
Onboarding — Quill Works — Momentum program,Placement Onboarding,New,MEDIUM,,,
Onboarding — Yarrow Software — Momentum program,Placement Onboarding,New,MEDIUM,,,
Onboarding — Fairhaven Logistics — Core program,Placement Onboarding,New,MEDIUM,,,
Onboarding — Vale Advisory — Core program,Placement Onboarding,New,MEDIUM,,,
Onboarding — Keswick Advisory — Momentum program,Placement Onboarding,New,MEDIUM,,,
Onboarding — Ironwood Health — Momentum program,Placement Onboarding,New,MEDIUM,,,
Onboarding — Lyndhurst Care Group — Momentum program,Placement Onboarding,New,MEDIUM,,,
Onboarding — Hartley Wealth Partners — Summit program,Placement Onboarding,New,MEDIUM,,,
Onboarding — Bright Harbor Academy — Momentum program,Placement Onboarding,New,MEDIUM,,,
Onboarding — Draycott Care Group — Momentum program,Placement Onboarding,New,MEDIUM,,,
Onboarding — Upton Digital — Momentum program,Placement Onboarding,New,MEDIUM,,,
Onboarding — Quarry Health — Core program,Placement Onboarding,New,MEDIUM,,,
Onboarding — Draperfield Assurance — Core program,Placement Onboarding,New,MEDIUM,,,
Onboarding — Copperfield Financial — Core program,Placement Onboarding,New,MEDIUM,,,
Onboarding — Pemberton Advisory — Momentum program,Placement Onboarding,New,MEDIUM,,,
Onboarding — Hartley Care Group — Core program,Placement Onboarding,New,MEDIUM,,,
Onboarding — Northwind Group — Momentum program,Placement Onboarding,New,MEDIUM,,,
Onboarding — Meridian Health — Momentum program,Placement Onboarding,New,MEDIUM,,,
Onboarding — Merrow Health — Core program,Placement Onboarding,New,MEDIUM,,,
Onboarding — Merrow Consulting — Momentum program,Placement Onboarding,New,MEDIUM,,,
Onboarding — Underhill Partners — Core program,Placement Onboarding,New,MEDIUM,,,
Onboarding — Norbury Technologies — Core program,Placement Onboarding,New,MEDIUM,,,
Onboarding — Newbold Consulting — Momentum program,Placement Onboarding,New,MEDIUM,,,
Onboarding — Oakfield Freight — Momentum program,Placement Onboarding,New,MEDIUM,,,
Onboarding — Ironwood Financial — Momentum program,Placement Onboarding,New,MEDIUM,,,
Onboarding — Wayfinder Learning — Summit program,Placement Onboarding,New,MEDIUM,,,
Onboarding — Alder Construction — Core program,Placement Onboarding,New,MEDIUM,,,
Onboarding — Ivywell Technologies — Core program,Placement Onboarding,New,MEDIUM,,,
Onboarding — Norbury Advisory — Momentum program,Placement Onboarding,New,MEDIUM,,,
Onboarding — Yarrow Partners — Momentum program,Placement Onboarding,New,MEDIUM,,,
Onboarding — Norbury Works — Core program,Placement Onboarding,New,MEDIUM,,,
Onboarding — Whitlock Foundation — Core program,Placement Onboarding,New,MEDIUM,,,
Onboarding — Winsley Brands — Core program,Placement Onboarding,New,MEDIUM,,,
Onboarding — Sorrel Medical Group — Momentum program,Placement Onboarding,New,MEDIUM,,,
Onboarding — Fairhaven Learning — Core program,Placement Onboarding,New,MEDIUM,,,
Onboarding — Chesney Systems — Momentum program,Placement Onboarding,New,MEDIUM,,,
Onboarding — Redwyn Advisory — Momentum program,Placement Onboarding,New,MEDIUM,,,
Onboarding — Yarrow Capital — Core program,Placement Onboarding,New,MEDIUM,,,
Onboarding — Winsley Retail Group — Core program,Placement Onboarding,New,MEDIUM,,,
Onboarding — Foxglove Builders — Summit program,Placement Onboarding,New,MEDIUM,,,
Onboarding — Vestry Software — Momentum program,Placement Onboarding,New,MEDIUM,,,
Onboarding — Stonebridge Systems — Momentum program,Placement Onboarding,New,MEDIUM,,,
Onboarding — Quill Alliance — Core program,Placement Onboarding,New,MEDIUM,,,
Onboarding — Vestry Wealth Partners — Momentum program,Placement Onboarding,New,MEDIUM,,,
Onboarding — Blackstone Wealth Partners — Momentum program,Placement Onboarding,New,MEDIUM,,,
Onboarding — Kingsford Advisory — Momentum program,Placement Onboarding,New,MEDIUM,,,
Onboarding — Granton Digital — Momentum program,Placement Onboarding,New,MEDIUM,,,
Onboarding — Copperfield Partners — Momentum program,Placement Onboarding,New,MEDIUM,,,
Onboarding — Tanglewood Learning — Momentum program,Placement Onboarding,New,MEDIUM,,,
Onboarding — Cobalt Retail Group — Core program,Placement Onboarding,New,MEDIUM,,,
Onboarding — Fairhaven Health — Momentum program,Placement Onboarding,New,MEDIUM,,,
Onboarding — Ridgeline Care Group — Momentum program,Placement Onboarding,New,MEDIUM,,,
Onboarding — Tanglewood Medical Group — Momentum program,Placement Onboarding,New,MEDIUM,,,
Onboarding — Carrow Contracting — Momentum program,Placement Onboarding,New,MEDIUM,,,
Onboarding — Beacon Works — Momentum program,Placement Onboarding,New,MEDIUM,,,
Onboarding — Upton Consulting — Core program,Placement Onboarding,New,MEDIUM,,,
Onboarding — Redwyn Software — Summit program,Placement Onboarding,New,MEDIUM,,,
Onboarding — Tanglewood Digital — Momentum program,Placement Onboarding,New,MEDIUM,,,
Onboarding — Upton Technologies — Core program,Placement Onboarding,New,MEDIUM,,,
Onboarding — Everton Logistics — Momentum program,Placement Onboarding,New,MEDIUM,,,
Onboarding — Dunmore Industries — Momentum program,Placement Onboarding,New,MEDIUM,,,
Onboarding — Engagement — Sana Weiss @ Alder Contracting,Placement Onboarding,Closed,MEDIUM,false,95,talent429@ziaod.com
Onboarding — Engagement — Kai Costa @ Quarry Health,Placement Onboarding,Closed,MEDIUM,false,66,talent433@ziaod.com
Engagement close-out — Engagement — Wren Jansen @ Tanglewood Digital,Offboarding,Closed,LOW,false,24,talent479@ziaod.com
30-day health check — Engagement — Leila Bakker @ Upton Partners,Health Check,Waiting on us,MEDIUM,false,68,talent437@ziaod.com
Onboarding — Engagement — Nasir Hassan @ Hartley Care Group,Placement Onboarding,Closed,MEDIUM,false,21,talent487@ziaod.com
30-day health check — Engagement — Salma Whitfield @ Pemberton Advisory,Health Check,Waiting on us,MEDIUM,false,59,talent483@ziaod.com
Onboarding — Engagement — Zane Klein @ Ironwood Health,Placement Onboarding,Closed,MEDIUM,false,29,talent499@ziaod.com
Onboarding — Engagement — Kwame Nkemdi @ Tanglewood Digital,Placement Onboarding,Closed,MEDIUM,false,88,talent478@ziaod.com
Onboarding — Engagement — Rafael Patel @ Stonebridge Systems,Placement Onboarding,Closed,MEDIUM,false,13,talent428@ziaod.com
Onboarding — Engagement — Arun Sharma @ Blackstone Wealth Partners,Placement Onboarding,Closed,MEDIUM,false,85,talent495@ziaod.com
Onboarding — Engagement — Layla Rahman @ Ashgrove Fabrication,Placement Onboarding,Closed,MEDIUM,false,88,talent464@ziaod.com
30-day health check — Engagement — Fatima Duarte @ Ivywell Technologies,Health Check,Waiting on us,MEDIUM,false,68,talent432@ziaod.com
Engagement close-out — Engagement — Bella Delgado @ Pemberton Advisory,Offboarding,Closed,LOW,false,38,talent484@ziaod.com
At-risk escalation — Engagement — Wren Gupta @ Sorrel Medical Group,At-Risk Escalation,Waiting on contact,MEDIUM,false,42,talent503@ziaod.com
Onboarding — Engagement — Zara Nkemdi @ Vantage Health,Placement Onboarding,Closed,MEDIUM,false,37,talent471@ziaod.com
At-risk escalation — Engagement — Nasir Hassan @ Hartley Care Group,At-Risk Escalation,Waiting on us,HIGH,true,21,talent487@ziaod.com
Onboarding — Engagement — Omar Nakamura @ Sable Software,Placement Onboarding,Closed,MEDIUM,false,17,talent468@ziaod.com
Onboarding — Engagement — Andres Raghunathan @ Lyndhurst Care Group,Placement Onboarding,Closed,MEDIUM,false,86,talent501@ziaod.com
Onboarding — Engagement — Hana Bergstrom @ Alder Contracting,Placement Onboarding,Closed,MEDIUM,false,90,talent430@ziaod.com
At-risk escalation — Engagement — Sven Gupta @ Ashgrove Fabrication,At-Risk Escalation,Waiting on us,HIGH,true,20,talent462@ziaod.com
Onboarding — Engagement — Zane Fontaine @ Blackstone Wealth Partners,Placement Onboarding,Closed,MEDIUM,false,60,talent496@ziaod.com
Onboarding — Engagement — Nikhil Tanaka @ Tanglewood Medical Group,Placement Onboarding,Closed,MEDIUM,false,20,talent460@ziaod.com
30-day health check — Engagement — Zane Fontaine @ Blackstone Wealth Partners,Health Check,Waiting on us,MEDIUM,false,60,talent496@ziaod.com
Onboarding — Engagement — Mikkel Santos @ Stonebridge Systems,Placement Onboarding,Closed,MEDIUM,false,93,talent427@ziaod.com
Onboarding — Engagement — Chidi Bianchi @ Vestry Systems,Placement Onboarding,Closed,MEDIUM,false,22,talent454@ziaod.com
Engagement close-out — Engagement — Omar Nakamura @ Sable Software,Offboarding,Closed,LOW,false,17,talent468@ziaod.com
Onboarding — Engagement — Sofia Okafor @ Lyndhurst Care Group,Placement Onboarding,Closed,MEDIUM,false,83,talent500@ziaod.com
Onboarding — Engagement — Ingrid Adebayo @ Copperfield Capital,Placement Onboarding,Closed,MEDIUM,false,82,talent457@ziaod.com
Onboarding — Engagement — Isabel Achebe @ Kestrel Freight,Placement Onboarding,Closed,MEDIUM,false,90,talent466@ziaod.com
Onboarding — Engagement — Ada Moreau @ Upton Partners,Placement Onboarding,Closed,MEDIUM,false,31,talent438@ziaod.com
Onboarding — Engagement — Dana Whitfield @ Ivywell Technologies,Placement Onboarding,Closed,MEDIUM,false,82,talent431@ziaod.com
Onboarding — Engagement — Omar Patel @ Kestrel Freight,Placement Onboarding,Closed,MEDIUM,false,70,talent465@ziaod.com
Onboarding — Engagement — Hana Kim @ Sable Software,Placement Onboarding,Closed,MEDIUM,false,83,talent469@ziaod.com
Onboarding — Engagement — Wren Jansen @ Tanglewood Digital,Placement Onboarding,Closed,MEDIUM,false,24,talent479@ziaod.com
Onboarding — Engagement — Sana Fontaine @ Jarrow Education Group,Placement Onboarding,Closed,MEDIUM,false,70,talent449@ziaod.com
30-day health check — Engagement — Kai Costa @ Quarry Health,Health Check,Waiting on us,MEDIUM,false,66,talent433@ziaod.com
Onboarding — Engagement — Rina Eriksen @ Tanglewood Medical Group,Placement Onboarding,Closed,MEDIUM,false,33,talent461@ziaod.com
At-risk escalation — Engagement — Zara Nkemdi @ Vantage Health,At-Risk Escalation,Waiting on us,HIGH,true,37,talent471@ziaod.com
Engagement close-out — Engagement — Leila Nakamura @ Pemberton Advisory,Offboarding,Closed,LOW,false,21,talent482@ziaod.com
Onboarding — Engagement — Sven Gupta @ Ashgrove Fabrication,Placement Onboarding,Closed,MEDIUM,false,20,talent462@ziaod.com
Onboarding — Engagement — Anika Tanaka @ Quarry Health,Placement Onboarding,New,MEDIUM,false,66,talent434@ziaod.com
Onboarding — Engagement — Sana Adeyemi @ Sorrel Medical Group,Placement Onboarding,Closed,MEDIUM,false,72,talent504@ziaod.com
At-risk escalation — Engagement — Marta Novak @ Winsley Retail Group,At-Risk Escalation,Waiting on us,HIGH,true,28,talent426@ziaod.com
At-risk escalation — Engagement — Rina Eriksen @ Tanglewood Medical Group,At-Risk Escalation,Waiting on us,HIGH,true,33,talent461@ziaod.com
Onboarding — Engagement — Leila Nakamura @ Pemberton Advisory,Placement Onboarding,Closed,MEDIUM,false,21,talent482@ziaod.com
Onboarding — Engagement — Bella Delgado @ Pemberton Advisory,Placement Onboarding,Closed,MEDIUM,false,38,talent484@ziaod.com
Onboarding — Engagement — Noemi Farah @ Ironwood Health,Placement Onboarding,Closed,MEDIUM,false,81,talent498@ziaod.com
Engagement close-out — Engagement — Ada Moreau @ Upton Partners,Offboarding,Closed,LOW,false,31,talent438@ziaod.com
Onboarding — Engagement — Diego Gupta @ Elmridge Works,Placement Onboarding,Closed,MEDIUM,false,37,talent506@ziaod.com
Engagement close-out — Engagement — Mei Torres @ Hartley Care Group,Offboarding,Closed,LOW,false,38,talent488@ziaod.com
Onboarding — Engagement — Leila Bakker @ Upton Partners,Placement Onboarding,Closed,MEDIUM,false,68,talent437@ziaod.com
Engagement close-out — Engagement — Rafael Patel @ Stonebridge Systems,Offboarding,Closed,LOW,false,13,talent428@ziaod.com
30-day health check — Engagement — Anika Tanaka @ Quarry Health,Health Check,Waiting on us,MEDIUM,false,66,talent434@ziaod.com
Engagement close-out — Engagement — Nikhil Tanaka @ Tanglewood Medical Group,Offboarding,Closed,LOW,false,20,talent460@ziaod.com
Onboarding — Engagement — Salma Whitfield @ Pemberton Advisory,Placement Onboarding,Closed,MEDIUM,false,59,talent483@ziaod.com
Engagement close-out — Engagement — Zane Klein @ Ironwood Health,Offboarding,Closed,LOW,false,29,talent499@ziaod.com
Onboarding — Engagement — Wren Gupta @ Sorrel Medical Group,Placement Onboarding,Closed,MEDIUM,false,42,talent503@ziaod.com
Engagement close-out — Engagement — Chidi Bianchi @ Vestry Systems,Offboarding,Closed,LOW,false,22,talent454@ziaod.com
Onboarding — Engagement — Fatima Duarte @ Ivywell Technologies,Placement Onboarding,New,MEDIUM,false,68,talent432@ziaod.com
Onboarding — Engagement — Mei Torres @ Hartley Care Group,Placement Onboarding,Closed,MEDIUM,false,38,talent488@ziaod.com
Onboarding — Bright Harbor Academy — Momentum program,Placement Onboarding,New,MEDIUM,,,
Onboarding — Kestrel Partners — Momentum program,Placement Onboarding,New,MEDIUM,,,
Onboarding — Meridian Medical Group — Core program,Placement Onboarding,New,MEDIUM,,,
Onboarding — Oakfield Industries — Summit program,Placement Onboarding,New,MEDIUM,,,
Onboarding — Beacon Works — Momentum program,Placement Onboarding,New,MEDIUM,,,
Onboarding — Yarrow Software — Momentum program,Placement Onboarding,New,MEDIUM,,,
Onboarding — Vantage Wealth Partners — Momentum program,Placement Onboarding,New,MEDIUM,,,
Onboarding — Wayfinder Capital — Momentum program,Placement Onboarding,New,MEDIUM,,,
Onboarding — Draycott Contracting — Core program,Placement Onboarding,New,MEDIUM,,,
Onboarding — Quarry Manufacturing — Momentum program,Placement Onboarding,New,MEDIUM,,,
Onboarding — Glenmoor Initiative — Core program,Placement Onboarding,New,MEDIUM,,,
Onboarding — Dunmore Partners — Core program,Placement Onboarding,New,MEDIUM,,,
Onboarding — Inglewood Freight — Momentum program,Placement Onboarding,New,MEDIUM,,,
Onboarding — Yarrow Partners — Momentum program,Placement Onboarding,New,MEDIUM,,,
Onboarding — Dunmoor Care Group — Momentum program,Placement Onboarding,New,MEDIUM,,,
Onboarding — Glenmoor Digital — Momentum program,Placement Onboarding,New,MEDIUM,,,
Onboarding — Rosemont Group — Core program,Placement Onboarding,New,MEDIUM,,,
Onboarding — Thornbury Software — Momentum program,Placement Onboarding,New,MEDIUM,,,
Onboarding — Norbury Advisory — Momentum program,Placement Onboarding,New,MEDIUM,,,
Onboarding — Winsley Brands — Core program,Placement Onboarding,New,MEDIUM,,,
Onboarding — Foxglove Builders — Summit program,Placement Onboarding,New,MEDIUM,,,
Onboarding — Cardinal Capital — Momentum program,Placement Onboarding,New,MEDIUM,,,
Onboarding — Vale Advisory — Core program,Placement Onboarding,New,MEDIUM,,,
Onboarding — Northwind Software — Momentum program,Placement Onboarding,New,MEDIUM,,,
Onboarding — Larkspur Logistics — Momentum program,Placement Onboarding,New,MEDIUM,,,
Onboarding — Kingsford Systems — Core program,Placement Onboarding,New,MEDIUM,,,
Onboarding — Winsley Financial — Core program,Placement Onboarding,New,MEDIUM,,,
Onboarding — Underhill Care Group — Summit program,Placement Onboarding,New,MEDIUM,,,
Onboarding — Marlow Technologies — Summit program,Placement Onboarding,New,MEDIUM,,,
Onboarding — Verdant Manufacturing — Momentum program,Placement Onboarding,New,MEDIUM,,,
Onboarding — Winsley Advisory — Summit program,Placement Onboarding,New,MEDIUM,,,
Onboarding — Brookline Works — Momentum program,Placement Onboarding,New,MEDIUM,,,
Onboarding — Linden Capital — Momentum program,Placement Onboarding,New,MEDIUM,,,
Onboarding — Linden Initiative — Summit program,Placement Onboarding,New,MEDIUM,,,
Onboarding — Pemberton Contracting — Momentum program,Placement Onboarding,New,MEDIUM,,,
Onboarding — Vale Goods — Momentum program,Placement Onboarding,New,MEDIUM,,,
Onboarding — Hallmark Group — Core program,Placement Onboarding,New,MEDIUM,,,
Onboarding — Copperfield Capital — Core program,Placement Onboarding,New,MEDIUM,,,
Onboarding — Vestry Wealth Partners — Momentum program,Placement Onboarding,New,MEDIUM,,,
Onboarding — Underhill Digital — Momentum program,Placement Onboarding,New,MEDIUM,,,
Onboarding — Upton Consulting — Core program,Placement Onboarding,New,MEDIUM,,,
Onboarding — Alder Construction — Core program,Placement Onboarding,New,MEDIUM,,,
Onboarding — Rosemont Group — Summit program,Placement Onboarding,New,MEDIUM,,,
Onboarding — Granton Advisory — Core program,Placement Onboarding,New,MEDIUM,,,
Onboarding — Kingsford Supply Co — Core program,Placement Onboarding,New,MEDIUM,,,
Onboarding — Draperfield Assurance — Core program,Placement Onboarding,New,MEDIUM,,,
Onboarding — Lattice Medical Group — Core program,Placement Onboarding,New,MEDIUM,,,
Onboarding — Vantage Care Group — Momentum program,Placement Onboarding,New,MEDIUM,,,
Onboarding — Larkspur Wealth Partners — Core program,Placement Onboarding,New,MEDIUM,,,
Onboarding — Vantry Labs — Momentum program,Placement Onboarding,New,MEDIUM,,,
Onboarding — Ashdown Associates — Momentum program,Placement Onboarding,New,MEDIUM,,,
Onboarding — Quarry Software — Summit program,Placement Onboarding,New,MEDIUM,,,
Onboarding — Granton Digital — Momentum program,Placement Onboarding,New,MEDIUM,,,
Onboarding — Copperfield Wealth Partners — Momentum program,Placement Onboarding,New,MEDIUM,,,
Onboarding — Norbury Manufacturing — Momentum program,Placement Onboarding,New,MEDIUM,,,
Onboarding — Quill Works — Momentum program,Placement Onboarding,New,MEDIUM,,,
Onboarding — Whitlock Foundation — Core program,Placement Onboarding,New,MEDIUM,,,
Onboarding — Granton Retail Group — Momentum program,Placement Onboarding,New,MEDIUM,,,
Onboarding — Upton Digital — Momentum program,Placement Onboarding,New,MEDIUM,,,
Onboarding — Inglewood Digital — Momentum program,Placement Onboarding,New,MEDIUM,,,
Onboarding — Thatcham Partners — Momentum program,Placement Onboarding,New,MEDIUM,,,
Onboarding — Newbold Manufacturing — Core program,Placement Onboarding,New,MEDIUM,,,
Onboarding — Underhill Partners — Core program,Placement Onboarding,New,MEDIUM,,,
Onboarding — Orchard Industries — Momentum program,Placement Onboarding,New,MEDIUM,,,
Onboarding — Fairhaven Health — Momentum program,Placement Onboarding,New,MEDIUM,,,
Onboarding — Beacon Digital — Momentum program,Placement Onboarding,New,MEDIUM,,,
Onboarding — Merrow Consulting — Momentum program,Placement Onboarding,New,MEDIUM,,,
Onboarding — Winsley Advisory — Momentum program,Placement Onboarding,New,MEDIUM,,,
Onboarding — Yarrow Partners — Momentum program,Placement Onboarding,New,MEDIUM,,,
Onboarding — Engagement — Sofia Osei @ Rosemont Group,Placement Onboarding,Closed,MEDIUM,false,91,sofia.osei@ziaod.com
30-day health check — Engagement — Oskar Aguilar @ Winsley Advisory,Health Check,Waiting on us,MEDIUM,false,65,oskar.aguilar@ziaod.com
Onboarding — Engagement — Marisol Rossi @ Upton Consulting,Placement Onboarding,Closed,MEDIUM,false,71,marisol.rossi@ziaod.com
Onboarding — Engagement — Kai Sultana @ Keswick Advisory,Placement Onboarding,Closed,MEDIUM,false,37,kai.sultana@ziaod.com
Onboarding — Engagement — Oskar Aguilar @ Winsley Advisory,Placement Onboarding,Closed,MEDIUM,false,65,oskar.aguilar@ziaod.com
Onboarding — Engagement — Rosa Nyong @ Redwyn Supply Co,Placement Onboarding,Closed,MEDIUM,false,25,rosa.nyong@ziaod.com
Onboarding — Engagement — Aisha Nkemdi @ Redwyn Advisory,Placement Onboarding,Closed,MEDIUM,false,84,aisha.nkemdi@ziaod.com
30-day health check — Engagement — Rosa Nasser @ Orchard Supply Co,Health Check,Waiting on us,MEDIUM,false,63,rosa.nasser@ziaod.com
Onboarding — Engagement — Oskar Kovacs @ Pinehill Capital,Placement Onboarding,New,MEDIUM,false,75,oskar.kovacs@ziaod.com
Onboarding — Engagement — Rohan Whitfield @ Meridian Health,Placement Onboarding,Closed,MEDIUM,false,19,rohan.whitfield@ziaod.com
Onboarding — Engagement — Marta Diallo @ Priestly Associates,Placement Onboarding,Closed,MEDIUM,false,90,marta.diallo@ziaod.com
Onboarding — Engagement — Nora Nakamura @ Oakfield Freight,Placement Onboarding,Closed,MEDIUM,false,65,nora.nakamura@ziaod.com
30-day health check — Engagement — Hana Novotny @ Blackstone Brands,Health Check,Waiting on us,MEDIUM,false,58,hana.novotny@ziaod.com
Onboarding — Engagement — Yara Jansen @ Hallmark Group,Placement Onboarding,Closed,MEDIUM,false,87,yara.jansen@ziaod.com
Onboarding — Engagement — Anja Krishnan @ Upton Consulting,Placement Onboarding,Closed,MEDIUM,false,29,anja.krishnan@ziaod.com
Onboarding — Engagement — Hana Alvarez @ Underhill Partners,Placement Onboarding,New,MEDIUM,false,86,hana.alvarez@ziaod.com
Onboarding — Engagement — Rosa Aguilar @ Blackstone Brands,Placement Onboarding,New,MEDIUM,false,58,rosa.aguilar@ziaod.com
Engagement close-out — Engagement — Oskar Bianchi @ Cardinal Capital,Offboarding,Closed,LOW,false,36,oskar.bianchi@ziaod.com
At-risk escalation — Engagement — Bilal Rahman @ Keswick Advisory,At-Risk Escalation,Waiting on us,HIGH,true,38,bilal.rahman@ziaod.com
Engagement close-out — Engagement — Yuki Mahmood @ Hallmark Group,Offboarding,Closed,LOW,false,13,yuki.mahmood@ziaod.com
Onboarding — Engagement — Ada Novotny @ Everton Freight,Placement Onboarding,Closed,MEDIUM,false,59,ada.novotny2@ziaod.com
Onboarding — Engagement — Hana Novotny @ Blackstone Brands,Placement Onboarding,New,MEDIUM,false,58,hana.novotny@ziaod.com
Onboarding — Engagement — Caleb Adebayo @ Quill Financial,Placement Onboarding,Closed,MEDIUM,false,59,caleb.adebayo@ziaod.com
Onboarding — Engagement — Rosa Nasser @ Orchard Supply Co,Placement Onboarding,Closed,MEDIUM,false,63,rosa.nasser@ziaod.com
Onboarding — Engagement — Tomas Moreau @ Blackstone Brands,Placement Onboarding,New,MEDIUM,false,71,tomas.moreau@ziaod.com
Onboarding — Engagement — Andres Baptiste @ Ironwood Logistics,Placement Onboarding,Closed,MEDIUM,false,80,andres.baptiste@ziaod.com
Engagement close-out — Engagement — Ravi Ellery @ Lyndhurst Financial,Offboarding,Closed,LOW,false,31,ravi.ellery@ziaod.com
Engagement close-out — Engagement — Rohan Whitfield @ Meridian Health,Offboarding,Closed,LOW,false,19,rohan.whitfield@ziaod.com
Onboarding — Engagement — Greta Castillo @ Oakfield Freight,Placement Onboarding,Closed,MEDIUM,false,20,greta.castillo@ziaod.com
Onboarding — Engagement — Anders Santos @ Alder Construction,Placement Onboarding,New,MEDIUM,false,94,anders.santos@ziaod.com
30-day health check — Engagement — Ada Novotny @ Everton Freight,Health Check,Waiting on us,MEDIUM,false,59,ada.novotny2@ziaod.com
Onboarding — Engagement — Fatima Lindqvist @ Fallowfield Technologies,Placement Onboarding,Closed,MEDIUM,false,72,fatima.lindqvist@ziaod.com
Engagement close-out — Engagement — Caleb Yilmaz @ Rosemont Group,Offboarding,Closed,LOW,false,29,caleb.yilmaz@ziaod.com
Onboarding — Engagement — Caleb Yilmaz @ Rosemont Group,Placement Onboarding,Closed,MEDIUM,false,29,caleb.yilmaz@ziaod.com
Onboarding — Engagement — Marta Kovacs @ Meridian Health,Placement Onboarding,Closed,MEDIUM,false,63,marta.kovacs@ziaod.com
Onboarding — Engagement — Yuki Mahmood @ Hallmark Group,Placement Onboarding,Closed,MEDIUM,false,13,yuki.mahmood@ziaod.com
Onboarding — Engagement — Bilal Rahman @ Keswick Advisory,Placement Onboarding,Closed,MEDIUM,false,38,bilal.rahman@ziaod.com
Engagement close-out — Engagement — Rosa Nyong @ Redwyn Supply Co,Offboarding,Closed,LOW,false,25,rosa.nyong@ziaod.com
Onboarding — Engagement — Thandi Mahmood @ Alder Construction,Placement Onboarding,New,MEDIUM,false,94,thandi.mahmood@ziaod.com
30-day health check — Engagement — Rosa Aguilar @ Blackstone Brands,Health Check,Waiting on us,MEDIUM,false,58,rosa.aguilar@ziaod.com
Onboarding — Engagement — Nikhil Nyong @ Underhill Partners,Placement Onboarding,New,MEDIUM,false,90,nikhil.nyong@ziaod.com
Onboarding — Engagement — Dana Vasquez @ Rosemont Group,Placement Onboarding,Closed,MEDIUM,false,64,dana.vasquez@ziaod.com
Engagement close-out — Engagement — Greta Castillo @ Oakfield Freight,Offboarding,Closed,LOW,false,20,greta.castillo@ziaod.com
30-day health check — Engagement — Nora Nakamura @ Oakfield Freight,Health Check,Waiting on us,MEDIUM,false,65,nora.nakamura@ziaod.com
Onboarding — Engagement — Noemi Rivera @ Larkspur Wealth Partners,Placement Onboarding,Closed,MEDIUM,false,13,noemi.rivera@ziaod.com
Onboarding — Engagement — Oskar Bianchi @ Cardinal Capital,Placement Onboarding,Closed,MEDIUM,false,36,oskar.bianchi@ziaod.com
Onboarding — Engagement — Nikhil Malek @ Redwyn Advisory,Placement Onboarding,Closed,MEDIUM,false,77,nikhil.malek@ziaod.com
Onboarding — Engagement — Bilal Mahmood @ Cardinal Capital,Placement Onboarding,Closed,MEDIUM,false,81,bilal.mahmood@ziaod.com
Engagement close-out — Engagement — Noemi Rivera @ Larkspur Wealth Partners,Offboarding,Closed,LOW,false,13,noemi.rivera@ziaod.com
Onboarding — Engagement — Aisha Sorensen @ Oakfield Freight,Placement Onboarding,Closed,MEDIUM,false,88,aisha.sorensen@ziaod.com
Engagement close-out — Engagement — Anja Krishnan @ Upton Consulting,Offboarding,Closed,LOW,false,29,anja.krishnan@ziaod.com
30-day health check — Engagement — Marta Kovacs @ Meridian Health,Health Check,Waiting on us,MEDIUM,false,63,marta.kovacs@ziaod.com
30-day health check — Engagement — Caleb Adebayo @ Quill Financial,Health Check,Waiting on us,MEDIUM,false,59,caleb.adebayo@ziaod.com
Engagement close-out — Engagement — Kai Sultana @ Keswick Advisory,Offboarding,Closed,LOW,false,37,kai.sultana@ziaod.com
30-day health check — Engagement — Dana Vasquez @ Rosemont Group,Health Check,Waiting on us,MEDIUM,false,64,dana.vasquez@ziaod.com
Accreditation review — Astrid Moreau,Compliance Review,Waiting on us,HIGH,true,,astrid.moreau@ziaod.com
Accreditation review — Freya Bakker,Compliance Review,Waiting on us,HIGH,true,,freya.bakker@ziaod.com
Accreditation review — Arun Yilmaz,Compliance Review,Waiting on us,HIGH,true,,arun.yilmaz@ziaod.com
Accreditation review — Marisol Ibrahim,Compliance Review,Waiting on us,HIGH,true,,marisol.ibrahim@ziaod.com
Accreditation review — Ravi Petrov,Compliance Review,Waiting on us,HIGH,true,,ravi.petrov@ziaod.com
Accreditation review — Yuki Petrov,Compliance Review,Waiting on us,HIGH,true,,yuki.petrov@ziaod.com
Accreditation review — Tomas Mahmood,Compliance Review,Waiting on us,HIGH,false,,tomas.mahmood@ziaod.com
Accreditation review — Marisol Sharma,Compliance Review,Waiting on us,HIGH,false,,marisol.sharma@ziaod.com
Accreditation review — Priya Nkemdi,Compliance Review,Waiting on us,HIGH,true,,priya.nkemdi@ziaod.com
Accreditation review — Fatima Novak,Compliance Review,New,LOW,false,,fatima.novak@ziaod.com
Accreditation review — Isabel Weiss,Compliance Review,Waiting on us,HIGH,true,,isabel.weiss@ziaod.com
Accreditation review — Dana Vasquez,Compliance Review,Waiting on us,HIGH,true,,dana.vasquez@ziaod.com
Accreditation review — Nora Patel,Compliance Review,New,LOW,false,,nora.patel@ziaod.com
Accreditation review — Leila Iqbal,Compliance Review,New,LOW,false,,leila.iqbal@ziaod.com
Accreditation review — Aisha Petrov,Compliance Review,Waiting on us,HIGH,false,,aisha.petrov@ziaod.com
Accreditation review — Rohan Whitfield,Compliance Review,New,LOW,false,,rohan.whitfield@ziaod.com
Accreditation review — Priya Eriksen,Compliance Review,Waiting on us,HIGH,true,,priya.eriksen@ziaod.com
Accreditation review — Sofia Osei,Compliance Review,Waiting on us,HIGH,true,,sofia.osei@ziaod.com
Accreditation review — Emeka Novotny,Compliance Review,Waiting on us,HIGH,true,,emeka.novotny@ziaod.com
Accreditation review — Yara Bianchi,Compliance Review,New,LOW,false,,yara.bianchi@ziaod.com
Accreditation review — Lucia Mwangi,Compliance Review,New,LOW,false,,lucia.mwangi@ziaod.com
Accreditation review — Mikkel Bergstrom,Compliance Review,Waiting on us,HIGH,true,,mikkel.bergstrom@ziaod.com
Accreditation review — Ada Novotny,Compliance Review,Waiting on us,HIGH,true,,ada.novotny@ziaod.com
Accreditation review — Bella Baptiste,Compliance Review,New,LOW,false,,bella.baptiste2@ziaod.com
Accreditation review — Sven Reyes,Compliance Review,Waiting on us,HIGH,false,,sven.reyes@ziaod.com
Accreditation review — Tomas Raghunathan,Compliance Review,New,LOW,false,,tomas.raghunathan@ziaod.com
Accreditation review — Wren Banda,Compliance Review,Waiting on us,HIGH,true,,wren.banda@ziaod.com
Accreditation review — Kenji Achebe,Compliance Review,New,LOW,false,,kenji.achebe@ziaod.com
Accreditation review — Marta Kovacs,Compliance Review,Waiting on us,HIGH,true,,marta.kovacs@ziaod.com
Accreditation review — Omar Kim,Compliance Review,Waiting on us,HIGH,true,,omar.kim@ziaod.com
Accreditation review — Isabel Bergstrom,Compliance Review,Waiting on us,HIGH,false,,isabel.bergstrom@ziaod.com
Accreditation review — Rania Rojas,Compliance Review,Waiting on us,HIGH,false,,rania.rojas@ziaod.com
Accreditation review — Tariq Larsen,Compliance Review,Waiting on us,HIGH,true,,tariq.larsen@ziaod.com
Accreditation review — Ingrid Adebayo,Compliance Review,New,LOW,false,,ingrid.adebayo@ziaod.com
Accreditation review — Noemi Rivera,Compliance Review,Waiting on us,HIGH,true,,noemi.rivera@ziaod.com
Accreditation review — Salma Achebe,Compliance Review,Waiting on us,HIGH,true,,salma.achebe@ziaod.com
Accreditation review — Layla Raghunathan,Compliance Review,Waiting on us,HIGH,true,,layla.raghunathan@ziaod.com
Onboarding — Engagement — Nikhil Rossi @ Orchard Alliance,Placement Onboarding,Closed,MEDIUM,false,95,talent563@ziaod.com
Engagement close-out — Engagement — Marta Banda @ Redwyn Software,Offboarding,Closed,LOW,false,27,talent587@ziaod.com
Onboarding — Engagement — Nora Nyong @ Quill Alliance,Placement Onboarding,Closed,MEDIUM,false,71,talent531@ziaod.com
Onboarding — Engagement — Oskar Delgado @ Tanglewood Learning,Placement Onboarding,Closed,MEDIUM,false,60,talent522@ziaod.com
30-day health check — Engagement — Sven Petrov @ Copperfield Partners,Health Check,Waiting on us,MEDIUM,false,66,talent584@ziaod.com
Onboarding — Engagement — Boris Baptiste @ Vantage Freight,Placement Onboarding,Closed,MEDIUM,false,74,talent555@ziaod.com
Onboarding — Engagement — Sofia Mahmood @ Vantage Medical Group,Placement Onboarding,Closed,MEDIUM,false,20,talent521@ziaod.com
Onboarding — Engagement — Anja Duarte @ Fairhaven Learning,Placement Onboarding,Closed,MEDIUM,false,72,talent580@ziaod.com
Engagement close-out — Engagement — Diego Gupta @ Elmridge Works,Offboarding,Closed,LOW,false,37,talent506@ziaod.com
Onboarding — Engagement — Layla Adeyemi @ Blackstone Advisory,Placement Onboarding,Closed,MEDIUM,false,83,talent516@ziaod.com
Onboarding — Engagement — Noemi Kovacs @ Tanglewood Learning,Placement Onboarding,Closed,MEDIUM,false,82,talent523@ziaod.com
Onboarding — Engagement — Elena Okafor @ Fairhaven Learning,Placement Onboarding,Closed,MEDIUM,false,82,talent581@ziaod.com
30-day health check — Engagement — Yara Rossi @ Winsley Alliance,Health Check,Waiting on us,MEDIUM,false,60,talent528@ziaod.com
Onboarding — Engagement — Malik Watanabe @ Vantage Freight,Placement Onboarding,Closed,MEDIUM,false,80,talent556@ziaod.com
Onboarding — Engagement — Kenji Sultana @ Redwyn Software,Placement Onboarding,Closed,MEDIUM,false,84,talent547@ziaod.com
Onboarding — Engagement — Kwame Larsen @ Blackstone Advisory,Placement Onboarding,Closed,MEDIUM,false,83,talent515@ziaod.com
Onboarding — Engagement — Yara Rossi @ Winsley Alliance,Placement Onboarding,Closed,MEDIUM,false,60,talent528@ziaod.com
30-day health check — Engagement — Andres Iqbal @ Merrow Consulting,Health Check,Waiting on us,MEDIUM,false,59,talent566@ziaod.com
30-day health check — Engagement — Oskar Delgado @ Tanglewood Learning,Health Check,Waiting on us,MEDIUM,false,60,talent522@ziaod.com
Onboarding — Engagement — Anja Bergstrom @ Elmridge Works,Placement Onboarding,Closed,MEDIUM,false,28,talent507@ziaod.com
Onboarding — Engagement — Anika Rossi @ Winsley Alliance,Placement Onboarding,Closed,MEDIUM,false,72,talent525@ziaod.com
Engagement close-out — Engagement — Sofia Mahmood @ Vantage Medical Group,Offboarding,Closed,LOW,false,20,talent521@ziaod.com
Onboarding — Engagement — Lucia Petrov @ Winsley Advisory,Placement Onboarding,Closed,MEDIUM,false,79,talent570@ziaod.com
Onboarding — Engagement — Sana Lindqvist @ Jarrow Education Group,Placement Onboarding,Closed,MEDIUM,false,20,talent592@ziaod.com
Onboarding — Engagement — Omar Krishnan @ Copperfield Partners,Placement Onboarding,Closed,MEDIUM,false,89,talent583@ziaod.com
Onboarding — Engagement — Sven Petrov @ Copperfield Partners,Placement Onboarding,Closed,MEDIUM,false,66,talent584@ziaod.com
Onboarding — Engagement — Andres Iqbal @ Merrow Consulting,Placement Onboarding,Closed,MEDIUM,false,59,talent566@ziaod.com
30-day health check — Engagement — Divya Nasser @ Winsley Alliance,Health Check,Waiting on us,MEDIUM,false,59,talent526@ziaod.com
Onboarding — Engagement — Rania Kamau @ Quill Alliance,Placement Onboarding,Closed,MEDIUM,false,75,talent532@ziaod.com
Onboarding — Engagement — Divya Nasser @ Winsley Alliance,Placement Onboarding,Closed,MEDIUM,false,59,talent526@ziaod.com
Onboarding — Engagement — Clara Novotny @ Merrow Consulting,Placement Onboarding,Closed,MEDIUM,false,32,talent565@ziaod.com
At-risk escalation — Engagement — Clara Novotny @ Merrow Consulting,At-Risk Escalation,Waiting on us,HIGH,true,32,talent565@ziaod.com
Onboarding — Engagement — Marta Banda @ Redwyn Software,Placement Onboarding,Closed,MEDIUM,false,27,talent587@ziaod.com
At-risk escalation — Engagement — Anja Bergstrom @ Elmridge Works,At-Risk Escalation,Waiting on us,HIGH,true,28,talent507@ziaod.com
Onboarding — Engagement — Hana Watanabe @ Northwind Group,Placement Onboarding,Closed,MEDIUM,false,85,talent599@ziaod.com
Onboarding — Engagement — Hana Weiss @ Northwind Group,Placement Onboarding,Closed,MEDIUM,false,23,talent601@ziaod.com
At-risk escalation — Engagement — Hana Weiss @ Northwind Group,At-Risk Escalation,Waiting on us,HIGH,true,23,talent601@ziaod.com
Onboarding — Engagement — Lucia Alvarez @ Hallmark Software,Placement Onboarding,Closed,MEDIUM,false,95,talent630@ziaod.com
Onboarding — Engagement — Pedro Delgado @ Copperfield Financial,Placement Onboarding,Closed,MEDIUM,false,64,talent619@ziaod.com
Onboarding — Engagement — Nikhil Castillo @ Vestry Software,Placement Onboarding,Closed,MEDIUM,false,73,talent623@ziaod.com
Engagement close-out — Engagement — Sana Lindqvist @ Jarrow Education Group,Offboarding,Closed,LOW,false,20,talent592@ziaod.com
Engagement close-out — Engagement — Malik Sorensen @ Dunmore Industries,Offboarding,Closed,LOW,false,22,talent634@ziaod.com
30-day health check — Engagement — Layla Olsen @ Vestry Software,Health Check,Waiting on us,MEDIUM,false,65,talent624@ziaod.com
Onboarding — Engagement — Sven Lindqvist @ Copperfield Financial,Placement Onboarding,Closed,MEDIUM,false,27,talent618@ziaod.com
Engagement close-out — Engagement — Rania Chen @ Dunmore Industries,Offboarding,Closed,LOW,false,32,talent632@ziaod.com
Engagement close-out — Engagement — Elsa Gupta @ Hallmark Software,Offboarding,Closed,LOW,false,28,talent629@ziaod.com
30-day health check — Engagement — Pedro Delgado @ Copperfield Financial,Health Check,Waiting on us,MEDIUM,false,64,talent619@ziaod.com
Engagement close-out — Engagement — Sven Lindqvist @ Copperfield Financial,Offboarding,Closed,LOW,false,27,talent618@ziaod.com
Onboarding — Engagement — Elsa Gupta @ Hallmark Software,Placement Onboarding,Closed,MEDIUM,false,28,talent629@ziaod.com
30-day health check — Engagement — Nasir Rossi @ Wayfinder Learning,Health Check,Waiting on us,MEDIUM,false,61,talent652@ziaod.com
30-day health check — Engagement — Yuki Raghunathan @ Northwind Group,Health Check,Waiting on us,MEDIUM,false,61,talent600@ziaod.com
Onboarding — Engagement — Malik Sorensen @ Dunmore Industries,Placement Onboarding,New,MEDIUM,false,22,talent634@ziaod.com
Onboarding — Engagement — Mei Eriksen @ Jarrow Education Group,Placement Onboarding,Closed,MEDIUM,false,75,talent593@ziaod.com
Onboarding — Engagement — Layla Olsen @ Vestry Software,Placement Onboarding,Closed,MEDIUM,false,65,talent624@ziaod.com
Onboarding — Engagement — Rania Chen @ Dunmore Industries,Placement Onboarding,New,MEDIUM,false,32,talent632@ziaod.com
Onboarding — Engagement — Nasir Rossi @ Wayfinder Learning,Placement Onboarding,New,MEDIUM,false,61,talent652@ziaod.com
Onboarding — Engagement — Yuki Raghunathan @ Northwind Group,Placement Onboarding,Closed,MEDIUM,false,61,talent600@ziaod.com
Engagement close-out — Engagement — Hana Kim @ Fairhaven Logistics,Offboarding,Closed,LOW,false,35,talent626@ziaod.com
Onboarding — Engagement — Rina Krishnan @ Fairhaven Logistics,Placement Onboarding,Closed,MEDIUM,false,91,talent625@ziaod.com
Onboarding — Engagement — Hana Kim @ Fairhaven Logistics,Placement Onboarding,New,MEDIUM,false,35,talent626@ziaod.com
Onboarding — Engagement — Tomas Delgado @ Wayfinder Learning,Placement Onboarding,New,MEDIUM,false,74,talent651@ziaod.com
Collections — INV-2026-00386 · 153d overdue,Collections,Waiting on us,HIGH,true,,
Collections — INV-2025-00299 · 257d overdue,Collections,Waiting on us,HIGH,true,,
Collections — INV-2025-00343 · 204d overdue,Collections,Waiting on us,HIGH,true,,
Collections — INV-2026-00458 · 53d overdue,Collections,Waiting on contact,MEDIUM,false,,
Collections — INV-2025-00269 · 308d overdue,Collections,Waiting on us,HIGH,true,,
Collections — INV-2025-00224 · 354d overdue,Collections,Waiting on us,HIGH,true,,
Collections — INV-2025-00212 · 355d overdue,Collections,Waiting on us,HIGH,true,,
Collections — INV-2025-00080 · 477d overdue,Collections,Waiting on us,HIGH,true,,
Collections — INV-2026-00399 · 133d overdue,Collections,Waiting on us,HIGH,true,,
Collections — INV-2025-00138 · 443d overdue,Collections,Waiting on us,HIGH,true,,
Collections — INV-2025-00023 · 534d overdue,Collections,Waiting on us,HIGH,true,,
Collections — INV-2025-00129 · 433d overdue,Collections,Waiting on us,HIGH,true,,
Collections — INV-2025-00339 · 226d overdue,Collections,Waiting on us,HIGH,true,,
Collections — INV-2025-00042 · 504d overdue,Collections,Waiting on us,HIGH,true,,
Collections — INV-2025-00295 · 234d overdue,Collections,Waiting on us,HIGH,true,,
Collections — INV-2026-00397 · 88d overdue,Collections,Waiting on contact,MEDIUM,false,,
Collections — INV-2025-00021 · 541d overdue,Collections,Waiting on us,HIGH,true,,
Collections — INV-2025-00071 · 503d overdue,Collections,Waiting on us,HIGH,true,,
Collections — INV-2025-00319 · 242d overdue,Collections,Waiting on us,HIGH,true,,
Collections — INV-2025-00003 · 542d overdue,Collections,Waiting on us,HIGH,true,,
Collections — INV-2026-00378 · 167d overdue,Collections,Waiting on us,HIGH,true,,
Collections — INV-2025-00220 · 349d overdue,Collections,Waiting on us,HIGH,true,,
Collections — INV-2025-00301 · 257d overdue,Collections,Waiting on us,HIGH,true,,
Collections — INV-2026-00444 · 67d overdue,Collections,Waiting on contact,MEDIUM,false,,
Collections — INV-2025-00177 · 395d overdue,Collections,Waiting on us,HIGH,true,,
Collections — INV-2026-00434 · 73d overdue,Collections,Waiting on contact,MEDIUM,false,,
Collections — INV-2025-00166 · 409d overdue,Collections,Waiting on us,HIGH,true,,
Collections — INV-2026-00361 · 177d overdue,Collections,Waiting on us,HIGH,true,,
Collections — INV-2025-00015 · 546d overdue,Collections,Waiting on us,HIGH,true,,
Collections — INV-2026-00445 · 65d overdue,Collections,Waiting on contact,MEDIUM,false,,
Collections — INV-2026-00463 · 50d overdue,Collections,Waiting on contact,MEDIUM,false,,
Collections — INV-2025-00182 · 389d overdue,Collections,Waiting on us,HIGH,true,,
Collections — INV-2026-00395 · 92d overdue,Collections,Waiting on us,HIGH,true,,
Collections — INV-2025-00264 · 298d overdue,Collections,Waiting on us,HIGH,true,,
Collections — INV-2025-00098 · 470d overdue,Collections,Waiting on us,HIGH,true,,
Collections — INV-2025-00310 · 220d overdue,Collections,Waiting on us,HIGH,true,,
Collections — INV-2025-00320 · 241d overdue,Collections,Waiting on us,HIGH,true,,
Collections — INV-2025-00130 · 432d overdue,Collections,Waiting on us,HIGH,true,,
Collections — INV-2025-00202 · 383d overdue,Collections,Waiting on us,HIGH,true,,
Collections — INV-2025-00194 · 360d overdue,Collections,Waiting on us,HIGH,true,,
Collections — INV-2026-00526 · 17d overdue,Collections,Waiting on contact,LOW,false,,
Collections — INV-2026-00515 · 12d overdue,Collections,Waiting on contact,LOW,false,,
Onboarding — Vantage Medical Group — Core program,Placement Onboarding,New,MEDIUM,,,
Onboarding — Alder Contracting — Momentum program,Placement Onboarding,New,MEDIUM,,,
Onboarding — Ridgeline Health — Summit program,Placement Onboarding,New,MEDIUM,,,
Onboarding — Blackstone Brands — Core program,Placement Onboarding,New,MEDIUM,,,
Onboarding — Harrowgate Contracting — Momentum program,Placement Onboarding,New,MEDIUM,,,
30-day health check — Engagement — Nikhil Castillo @ Vestry Software,Health Check,Waiting on us,MEDIUM,false,54,talent623@ziaod.com
30-day health check — Engagement — Kai Yilmaz @ Quarry Manufacturing,Health Check,Waiting on us,MEDIUM,false,60,kai.yilmaz@ziaod.com
30-day health check — Engagement — Bella Baptiste @ Merrow Health,Health Check,Waiting on us,MEDIUM,false,55,bella.baptiste2@ziaod.com
30-day health check — Engagement — Hana Alvarez @ Underhill Partners,Health Check,Waiting on us,MEDIUM,false,57,hana.alvarez@ziaod.com
30-day health check — Engagement — Mikkel Bergstrom @ Draycott Contracting,Health Check,Waiting on us,MEDIUM,false,61,mikkel.bergstrom@ziaod.com
30-day health check — Engagement — Sana Fontaine @ Jarrow Education Group,Health Check,Waiting on us,MEDIUM,false,61,talent449@ziaod.com
Detractor recovery — Aisha Fontaine (NPS 6),NPS Detractor,New,HIGH,,,
Compliance review (expiring soon) — Freya Petrov,Compliance Review,New,LOW,false,,freya.petrov@ziaod.com
Compliance review (expiring soon) — Sana Farah,Compliance Review,New,LOW,false,,sana.farah@ziaod.com
Compliance review (not started) — Theo Nakamura,Compliance Review,Waiting on us,HIGH,false,,theo.nakamura@ziaod.com
Compliance review (expiring soon) — Mei Diallo,Compliance Review,New,LOW,false,,mei.diallo@ziaod.com
Compliance review (expiring soon) — Ingrid Achebe,Compliance Review,New,LOW,false,,ingrid.achebe@ziaod.com
Compliance review (expiring soon) — Elena Diallo,Compliance Review,New,LOW,false,,elena.diallo@ziaod.com
Compliance review (expiring soon) — Marcus Petrov,Compliance Review,New,LOW,false,,marcus.petrov@ziaod.com
Compliance review (not started) — Ingrid Costa,Compliance Review,Waiting on us,HIGH,false,,ingrid.costa@ziaod.com
Compliance review (expiring soon) — Theo Vasquez,Compliance Review,New,LOW,false,,theo.vasquez@ziaod.com
30-day health check — Engagement — Yusuf Mwangi @ Harrowgate Contracting,Health Check,Waiting on us,MEDIUM,false,67,yusuf.mwangi@ziaod.com
